,userId,user_vector,avg_rating,num_movies_rated
0,1,"[4.35820896 4.73913043 4.55882353 4.23880597 4.26315789 4.33333333
 4.51851852 4.31578947 4.2972973  4.13333333 3.27272727 4.21428571
 4.34375    4.47058824 4.76470588 0.         0.         4.33333333
 0.         0.        ]",4.349462365591398,186
1,2,"[4.16666667 0.         0.         4.2        0.         0.
 3.75       4.0625     3.75       3.625      0.         4.
 3.83333333 4.5        0.         4.33333333 3.66666667 3.5
 0.         0.        ]",3.9130434782608696,23
2,3,"[2.27777778 0.5        0.5        1.0625     3.         0.5
 0.80769231 3.22727273 0.5        4.         4.7        5.
 4.         0.5        0.5        0.         0.         0.
 0.         0.        ]",2.2580645161290325,31
3,4,"[3.63636364 3.75       3.625      3.46428571 4.         3.42857143
 3.52941176 3.13636364 3.72727273 3.48484848 4.         3.35
 2.90909091 3.57142857 4.27272727 0.         3.         3.85714286
 4.         0.        ]",3.554913294797688,173
4,5,"[3.14285714 4.4        4.28571429 3.3        4.4        2.77777778
 3.65       3.         3.625      3.5        3.         0.
 2.5        3.33333333 4.4        0.         3.66666667 3.
 0.         0.        ]",3.5142857142857142,35
5,6,"[3.83333333 4.         3.60526316 3.36893204 3.6        3.50877193
 3.63063063 3.51785714 3.4        3.53703704 3.3125     3.58333333
 3.57894737 3.58333333 4.         0.         4.5        3.55555556
 3.         0.        ]",3.4701195219123506,251
6,7,"[3.39772727 3.54166667 3.30769231 3.15       3.33333333 2.60869565
 3.13095238 3.30769231 3.30434783 3.54166667 3.875      3.125
 3.20833333 3.45       3.41666667 0.         2.14285714 1.5
 3.25       0.        ]",3.2745901639344264,122
7,8,"[3.25       5.         4.66666667 3.15       3.25       3.53846154
 3.8        3.33333333 3.875      3.75       4.5        4.
 3.         3.66666667 5.         0.         4.5        1.
 0.         0.        ]",3.5526315789473686,38
8,9,"[3.5        0.         0.         3.64285714 0.         3.
 3.47058824 3.6        3.75       2.5        1.8        4.5
 3.         3.5        3.         0.         0.         4.
 4.         0.        ]",3.2162162162162162,37
9,10,"[3.63461538 3.86363636 3.5        3.27419355 3.53571429 3.38709677
 3.24545455 3.5        3.11538462 3.08333333 1.75       2.16666667
 2.         4.25       3.25       0.         3.35714286 0.
 0.         0.        ]",3.330357142857143,112
10,11,"[3.47058824 0.         0.         3.5        2.         4.18181818
 4.11764706 3.56756757 3.8        3.65384615 5.         4.33333333
 3.71428571 4.5        0.         0.         0.         4.
 0.         0.        ]",3.784313725490196,51
11,12,"[3.         0.         0.         4.34615385 4.25       4.52941176
 4.5        4.         0.         4.         0.         0.
 4.5        4.5        0.         0.         0.         0.
 0.         0.        ]",4.403846153846154,26
12,13,"[4.2        0.         0.         3.3        3.         3.8
 3.61538462 4.375      4.         4.125      4.         4.5
 4.25       3.5        0.         0.         0.         4.
 0.         0.        ]",3.76,25
13,14,"[3.44444444 0.         3.         2.53846154 1.         3.42857143
 3.66666667 3.33333333 2.71428571 3.41666667 4.         5.
 3.         4.         0.         0.         4.         4.
 0.         0.        ]",3.3157894736842106,38
14,15,"[3.38888889 2.9375     2.59375    3.47222222 2.85714286 4.16666667
 3.73255814 3.25510204 3.46666667 3.41463415 3.9        3.41666667
 3.66       4.5        2.66666667 0.         3.25       1.
 0.         0.        ]",3.4722222222222223,108
15,16,"[3.78125    3.9375     4.         3.725      3.96153846 3.66666667
 3.7972973  3.61904762 3.80555556 3.84782609 3.375      3.81818182
 3.73076923 3.9        0.         4.         4.5        3.
 4.         0.        ]",3.7564102564102564,78
16,17,"[4.23076923 4.25       4.         4.14705882 4.2        4.
 4.19736842 4.2        4.26666667 4.26       4.16666667 4.11111111
 4.35294118 4.5        3.5        3.5        4.16666667 4.2
 3.75       0.        ]",4.2023809523809526,84
17,18,"[3.63675214 3.75       3.58064516 3.51209677 3.68085106 3.68055556
 3.89329268 3.59821429 3.91509434 3.78731343 3.20833333 4.07142857
 3.61458333 4.         3.70833333 3.9375     3.65714286 4.28571429
 3.85714286 0.        ]",3.7238805970149254,402
18,19,"[2.77165354 2.8974359  2.66666667 2.64604811 2.84415584 2.64
 2.55       2.71428571 2.83333333 2.5        2.23076923 2.91666667
 2.62616822 2.85714286 2.85714286 0.         0.         2.66666667
 3.28571429 0.        ]",2.597864768683274,562
19,20,"[3.45890411 4.10576923 3.84444444 3.70224719 3.89189189 3.98571429
 3.75       2.70833333 3.2        2.64814815 3.1        2.6875
 3.18421053 3.66666667 4.41860465 3.75       4.5        1.5
 1.5        0.        ]",3.556701030927835,194
20,21,"[3.68214286 3.24358974 3.13636364 3.21296296 3.16326531 3.22222222
 2.94871795 3.46978022 3.21311475 3.58247423 1.53846154 3.28125
 3.41566265 3.6        2.73076923 0.         3.62222222 3.66666667
 3.         4.        ]",3.26271186440678,354
21,22,"[2.5        2.70833333 2.75       2.51515152 1.96428571 2.33333333
 2.70689655 3.         2.66666667 2.85416667 2.625      2.63636364
 2.34615385 1.75       4.5        1.83333333 1.75       4.
 4.5        0.        ]",2.6842105263157894,95
22,23,"[3.35714286 3.77777778 3.5        3.45       3.83333333 3.35
 3.65322581 3.60869565 3.640625   3.68965517 4.         4.125
 3.90625    3.9        0.         3.25       3.         4.
 3.94444444 0.        ]",3.6597938144329896,97
23,24,"[3.66071429 4.25       4.25       3.56756757 3.65384615 3.47916667
 3.71875    3.64893617 3.9        3.63333333 3.625      3.70833333
 3.65       3.9        3.5        0.         3.85       0.
 0.         0.        ]",3.647727272727273,88
24,25,"[4.81818182 4.66666667 4.66666667 5.         5.         5.
 5.         4.83333333 5.         5.         0.         5.
 4.71428571 5.         0.         0.         5.         0.
 0.         0.        ]",4.857142857142857,21
25,26,"[2.6        0.         3.         3.33333333 0.         0.
 3.33333333 3.         3.42857143 3.45454545 0.         4.
 2.         0.         0.         0.         3.         0.
 0.         0.        ]",3.235294117647059,17
26,27,"[3.8        3.64285714 3.32432432 3.475      3.625      4.
 3.72222222 3.66666667 3.57142857 3.27272727 2.         4.5
 3.46428571 3.58333333 4.         0.         4.         3.85714286
 4.         0.        ]",3.574074074074074,108
27,28,"[3.20967742 3.375      3.125      2.83783784 3.13043478 2.98484848
 3.         3.11258278 2.92561983 2.91875    2.76315789 2.9
 3.296875   3.3375     4.33333333 2.5        3.72727273 3.22222222
 3.         0.        ]",3.037280701754386,456
28,29,"[4.14705882 3.5        4.25       3.5        3.83333333 4.4
 4.2375     4.10416667 4.03571429 4.05555556 4.5        4.35714286
 4.07142857 4.32352941 3.16666667 4.25       4.16666667 4.42857143
 5.         0.        ]",4.1461538461538465,65
29,30,"[4.8125     4.6        4.66666667 4.6        4.75       5.
 5.         4.8        4.8        4.5        3.         0.
 4.81818182 5.         0.         0.         5.         0.
 0.         0.        ]",4.814814814814815,27
30,31,"[4.         3.75       4.         4.05882353 3.75       3.76923077
 3.66666667 4.30769231 3.33333333 4.375      3.         5.
 4.         5.         4.5        0.         0.         0.
 0.         0.        ]",3.925,40
31,32,"[3.33333333 3.         3.2        3.69230769 3.3        3.7037037
 4.02702703 3.52380952 4.05882353 3.75       2.         3.625
 3.33333333 3.5        3.         4.         0.         3.
 0.         0.        ]",3.7439024390243905,82
32,33,"[4.125      3.83333333 4.         3.76595745 3.5        3.85106383
 3.84444444 4.18181818 4.15789474 3.85714286 4.5        3.85714286
 4.16666667 4.14285714 4.         0.         3.         4.
 5.         0.        ]",3.848,125
33,34,"[3.75       3.75       2.75       3.171875   3.26923077 3.375
 3.16666667 3.67073171 3.5625     3.625      3.42857143 2.6
 3.26315789 2.5        0.         0.         3.16666667 3.5
 0.         0.        ]",3.3840579710144927,69
34,35,"[3.66666667 0.         0.         3.88888889 0.         3.625
 4.14285714 3.66666667 4.66666667 4.66666667 0.         5.
 3.         2.         0.         0.         0.         3.5
 0.         0.        ]",4.0,18
35,36,"[2.94444444 0.         2.         2.3        2.25       2.3
 2.59090909 2.57142857 2.68181818 3.04545455 3.         3.0625
 2.125      2.9        0.         0.         0.         2.
 4.5        0.        ]",2.6458333333333335,48
36,37,"[3.75       3.         3.5        4.         3.5        3.
 4.125      3.6        4.2        4.16666667 5.         0.
 4.25       4.         3.5        0.         5.         4.
 0.         0.        ]",4.117647058823529,17
37,38,"[3.08333333 3.2        3.125      3.28571429 3.33333333 3.14285714
 3.15384615 3.33333333 3.         3.35714286 2.         4.
 2.6        3.83333333 3.2        5.         3.         2.6
 0.         0.        ]",3.225806451612903,62
38,39,"[3.73076923 3.31578947 3.21052632 3.91666667 3.6        3.66666667
 4.10344828 4.13043478 4.33333333 4.2        4.6        3.85714286
 4.         4.         3.         0.         4.         4.
 2.         0.        ]",4.025,80
39,40,"[3.13333333 3.16666667 3.38461538 3.67647059 3.5        3.73684211
 4.175      3.57894737 4.         3.85714286 2.66666667 4.
 2.71428571 4.         3.16666667 0.         3.         4.25
 0.         0.        ]",3.7439024390243905,82
40,41,"[2.53703704 3.88888889 3.33333333 3.43571429 2.72222222 3.38
 3.36764706 2.46875    3.2804878  3.11538462 2.66666667 3.31818182
 2.1        2.81818182 3.         1.5        1.7        4.
 3.5        0.        ]",3.2011494252873565,174
41,42,"[3.60714286 4.         2.9        3.3908046  3.47368421 3.54794521
 3.72727273 3.43396226 3.69090909 3.54651163 2.76923077 3.84210526
 3.31578947 3.76470588 3.83333333 4.33333333 5.         4.
 5.         0.        ]",3.5426136363636362,352
42,43,"[4.66666667 5.         4.95833333 4.54545455 5.         4.42105263
 4.37142857 4.25925926 4.21428571 4.30769231 4.66666667 4.5
 4.69230769 3.5        5.         0.         5.         4.
 0.         0.        ]",4.527472527472527,91
43,44,"[3.25       2.66666667 2.         3.41176471 2.         3.33333333
 3.7        3.23529412 3.66666667 3.25       3.         3.
 2.57142857 0.         0.         0.         0.         0.
 0.         0.        ]",3.3157894736842106,38
44,45,"[4.         4.45238095 3.86585366 3.63920455 3.65789474 3.95614035
 4.055      4.00609756 4.21794872 4.04285714 3.94444444 4.14285714
 3.66935484 4.53846154 4.3        4.         4.71428571 3.66666667
 0.         0.        ]",3.8589341692789967,319
45,46,"[4.         5.         5.         4.11111111 4.5        4.25
 3.81818182 3.88235294 4.         4.         4.5        4.33333333
 4.         4.         5.         0.         0.         0.
 0.         0.        ]",3.9705882352941178,34
46,47,"[2.875      0.         4.         2.5        2.625      2.86
 3.14285714 2.75       3.1        2.97222222 2.16666667 2.78571429
 2.6875     3.5        2.83333333 3.28571429 3.         3.5
 0.         0.        ]",2.9955357142857144,112
47,48,"[3.95833333 4.25       4.25       4.08333333 4.5        4.
 3.9        3.94736842 4.         3.83333333 4.33333333 4.5
 4.07142857 0.         4.5        0.         4.25       0.
 0.         0.        ]",3.923076923076923,26
48,49,"[4.33333333 4.         4.125      4.         0.         4.
 4.3125     4.33333333 4.         4.16666667 4.25       4.
 4.28571429 4.16666667 0.         0.         4.         0.
 0.         0.        ]",4.235294117647059,17
49,50,"[2.49206349 2.65384615 2.2037037  2.64204545 2.89705882 2.79166667
 3.07653061 2.53278689 2.87837838 2.91666667 2.89285714 3.2
 2.6125     3.45       2.53571429 3.16666667 1.97058824 3.25
 3.5        2.75      ]",2.818548387096774,248
50,51,"[3.83333333 3.28571429 3.38636364 3.88167939 3.98333333 3.9375
 4.10526316 3.59722222 3.92391304 3.61904762 3.7875     3.96666667
 3.84375    4.11111111 3.5        5.         3.5        3.625
 4.         0.        ]",3.8484320557491287,287
51,52,"[4.578125   4.45833333 4.45454545 4.41935484 4.58333333 4.38461538
 4.39       4.53448276 4.60344828 4.57317073 4.6        4.66666667
 4.70454545 4.4        5.         4.5        4.59090909 3.
 0.         0.        ]",4.475961538461538,104
52,53,[0. 0. 0. 5. 0. 5. 5. 5. 5. 5. 5. 5. 5. 5. 5. 0. 0. 0. 5. 0.],5.0,16
53,54,"[3.         3.         3.         3.         3.         3.16666667
 3.1        2.83333333 3.         3.         4.         3.
 3.         3.5        3.         0.         3.         0.
 0.         0.        ]",3.0384615384615383,26
54,55,"[2.83333333 0.5        0.5        2.58333333 1.66666667 0.5
 3.         3.3125     4.25       3.9375     0.         2.5
 1.33333333 4.         0.5        0.         0.         0.
 0.         0.        ]",2.925,20
55,56,"[3.91666667 5.         4.         4.         3.5        4.25
 3.9375     3.66666667 3.5        3.8125     3.         4.
 3.5        4.33333333 5.         0.         5.         0.
 0.         0.        ]",3.810810810810811,37
56,57,"[3.38053097 3.91666667 3.35483871 3.41614907 3.42857143 3.39240506
 3.56296296 3.20945946 3.40384615 3.0990099  2.82352941 3.96153846
 3.175      4.14285714 3.80952381 0.         4.         3.46666667
 4.         0.        ]",3.393700787401575,381
57,58,"[3.73333333 4.33333333 4.22222222 3.58823529 4.         3.81818182
 3.97368421 3.8        3.625      3.96666667 2.33333333 4.5
 3.66666667 4.5        4.375      0.         4.33333333 4.
 0.         0.        ]",3.8222222222222224,90
58,59,"[3.70588235 1.         3.         3.85       3.         4.52941176
 4.73913043 4.04347826 4.28571429 4.46875    5.         4.58823529
 3.81818182 4.875      0.         4.5        5.         0.
 4.66666667 0.        ]",4.395348837209302,86
59,60,"[3.4  3.5  3.4  3.5  3.   3.4  4.   4.   4.25 3.5  0.   3.5  0.   4.
 3.5  0.   5.   0.   0.   0.  ]",3.7777777777777777,18
60,61,"[3.66666667 0.         0.         3.5        4.16666667 3.125
 4.17857143 3.72222222 4.16666667 4.09090909 4.         4.33333333
 3.625      4.16666667 0.         0.         0.         3.66666667
 0.         0.        ]",3.967741935483871,31
61,62,"[3.96788991 3.38461538 3.61111111 3.90540541 3.93518519 3.84615385
 4.27027027 4.02290076 4.43478261 4.16304348 4.08823529 4.18181818
 3.97340426 4.28571429 3.3        0.         4.18571429 4.5
 4.5        4.5       ]",4.097269624573379,293
62,63,"[3.58571429 4.30769231 3.79166667 3.78021978 3.69642857 3.51785714
 3.60869565 3.60752688 3.80232558 3.48245614 3.2        3.92105263
 3.39215686 3.58333333 4.25       4.1        3.2        4.
 4.5        0.        ]",3.642857142857143,217
63,64,"[3.725      3.82692308 3.74358974 3.69075145 3.78070175 3.75294118
 3.9144385  3.64563107 3.89375    3.69369369 3.72093023 3.7
 3.42857143 4.22727273 3.82608696 3.875      3.71428571 4.07142857
 4.25       0.        ]",3.774154589371981,414
64,65,"[3.8        0.         0.         3.7        3.5        3.66666667
 4.075      3.91666667 4.16666667 3.92857143 0.         4.16666667
 4.         3.8        0.         0.         4.33333333 0.
 0.         0.        ]",4.0,27
65,66,"[3.88235294 4.09090909 3.83333333 3.9057377  4.         4.22826087
 4.1637931  3.81012658 4.04081633 3.95       3.875      4.3125
 3.77777778 4.3        4.25       0.         5.         4.6875
 4.875      0.        ]",3.996376811594203,276
66,67,"[3.63636364 4.         4.         4.28125    3.3        4.
 3.95       4.02941176 4.1875     4.1875     0.         3.5
 4.         4.25       0.         0.         4.         3.75
 0.         0.        ]",3.9827586206896552,29
67,68,"[3.43404255 3.4047619  3.14880952 3.19714964 3.38349515 3.35497835
 3.20177665 3.33489097 3.16319444 3.17829457 2.79878049 3.09166667
 3.20886076 3.29761905 3.09756098 3.75       3.98837209 3.44736842
 3.25       0.        ]",3.2445436507936507,1008
68,69,"[4.33333333 0.         0.         4.83333333 5.         4.
 4.26666667 4.46666667 4.4        4.09090909 3.83333333 4.66666667
 4.4        4.         0.         0.         0.         5.
 4.         0.        ]",4.324324324324325,37
69,70,"[4.375   4.      4.625   4.15625 4.625   4.5     4.425   3.75    4.25
 3.      4.5     4.      4.25    4.5     0.      4.5     4.      4.
 0.      0.     ]",4.32,50
70,71,"[3.44444444 0.         3.66666667 3.42857143 3.66666667 3.66666667
 3.11111111 3.6875     3.2        3.4        0.         3.
 3.2        4.         3.         0.         0.         0.
 0.         0.        ]",3.4285714285714284,28
71,72,"[4.1875     0.         0.         3.875      0.         4.21428571
 4.17647059 4.08333333 4.58333333 4.16666667 4.25       4.33333333
 4.         4.375      0.         0.         4.         0.
 0.         0.        ]",4.138888888888889,36
72,73,"[3.88       3.32608696 3.29545455 3.46938776 3.65909091 3.34375
 3.86607143 4.13888889 4.04545455 4.09615385 3.33333333 4.33333333
 3.81034483 4.75       3.125      0.         3.85714286 4.75
 0.         0.        ]",3.6785714285714284,168
73,74,"[4.22222222 0.         0.         4.34090909 4.5        4.30952381
 4.30555556 4.18181818 4.28787879 4.25       3.5        4.40909091
 3.83333333 4.28571429 0.         5.         0.         4.125
 4.75       0.        ]",4.292253521126761,142
74,75,"[3.61904762 4.25       4.25       3.66666667 3.375      3.5
 3.0952381  3.32142857 3.         3.275      4.         2.90909091
 3.         2.375      4.5        0.         0.         4.5
 0.         0.        ]",3.290909090909091,55
75,76,"[2.61538462 0.57142857 0.81818182 2.64814815 2.17857143 1.875
 3.1375     3.125      3.68181818 3.52857143 4.08333333 3.54166667
 3.30952381 2.85714286 0.5        0.         3.         2.625
 0.         0.        ]",3.0894736842105264,95
76,77,"[4.9        5.         5.         4.         4.75       3.5
 3.21428571 4.3125     3.875      2.9375     0.         2.125
 3.95       0.         0.         0.         4.3        0.
 0.         0.        ]",3.9782608695652173,23
77,78,"[2.89473684 2.25       2.5        3.14       2.5        3.5
 2.42857143 3.23214286 3.05555556 3.025      2.5        2.33333333
 3.02941176 3.         1.5        0.         4.         0.
 0.         0.        ]",3.061224489795918,49
78,79,"[4.27777778 0.         0.         4.         4.         4.
 3.9375     4.19354839 4.5        4.26315789 4.         4.5
 4.45454545 4.         4.5        4.33333333 0.         0.
 5.         0.        ]",4.215686274509804,51
79,80,"[4.19642857 4.         4.         3.88888889 4.31818182 4.5
 4.28301887 4.3852459  4.41428571 4.29255319 4.16666667 4.46551724
 4.20212766 3.875      0.         0.         4.28947368 0.
 0.         0.        ]",4.272388059701493,134
80,81,"[2.57142857 2.         2.         1.83333333 1.         2.33333333
 2.71428571 2.90909091 2.66666667 3.09090909 0.         5.
 4.5        2.66666667 2.         0.         2.5        0.
 0.         0.        ]",2.857142857142857,21
81,82,"[3.32758621 2.95833333 2.52631579 3.42045455 3.1        3.34
 3.3375     3.52631579 3.46875    3.38461538 3.35       3.22727273
 3.59375    3.7        3.16666667 3.         3.25       3.66666667
 0.         0.        ]",3.3626373626373627,182
82,83,"[3.07692308 3.5        3.1875     3.13888889 3.08333333 3.75
 3.5862069  2.75806452 3.45454545 2.9        2.4375     3.25
 3.23684211 3.325      4.125      2.         3.4375     0.5
 0.         0.        ]",3.24468085106383,94
83,84,"[3.55       3.         3.23076923 3.42391304 3.45454545 3.63157895
 3.84090909 3.57692308 3.76       3.55555556 3.71428571 3.8
 3.41666667 4.33333333 3.61538462 3.75       5.         4.
 4.         0.        ]",3.658119658119658,234
84,85,"[5.   0.   5.   4.25 5.   4.   3.84 0.   2.   3.   0.   3.5  3.   4.5
 0.   0.   0.   0.   0.   0.  ]",3.8518518518518516,27
85,86,"[3.9375     4.05       4.05555556 4.1        3.92857143 3.83333333
 3.95       3.92       4.07142857 4.         4.         4.25
 3.93333333 3.125      4.         0.         3.7        4.
 0.         0.        ]",3.9464285714285716,56
86,87,"[3.9        4.33333333 3.75       4.3125     4.3        5.
 3.9375     3.5        0.         3.5        3.5        0.
 3.9        0.         4.         0.         0.         0.
 0.         0.        ]",4.088235294117647,17
87,88,"[4.6        0.         0.5        3.         4.625      3.5
 4.22222222 4.14285714 4.54166667 4.26470588 4.16666667 4.125
 3.78571429 4.25       0.         0.         4.5        4.
 0.         0.        ]",3.977777777777778,45
88,89,"[3.5530303  4.02112676 3.92073171 3.46949602 3.4893617  3.06593407
 3.39325843 3.46666667 3.33333333 3.78125    4.19230769 3.76923077
 3.30769231 3.5        3.1875     4.66666667 4.         4.5
 0.         3.        ]",3.4722222222222223,414
89,90,"[3.75       3.         3.5        4.11764706 3.5        4.16666667
 4.19230769 4.         4.25       4.         4.         4.
 4.         0.         4.         4.25       0.         0.
 0.         0.        ]",4.093023255813954,43
90,91,"[3.6036036  3.93103448 3.18518519 3.03666667 3.875      2.95614035
 3.2969697  3.62883436 3.54216867 3.66049383 3.87820513 3.72368421
 3.69387755 3.03333333 3.         3.42857143 3.78571429 3.42307692
 3.5        0.        ]",3.375,460
91,92,"[4.16666667 4.         4.14285714 4.28571429 4.5        4.5
 3.9375     3.66666667 3.         3.         4.         4.
 3.75       4.25       4.5        0.         4.5        0.
 0.         0.        ]",4.052631578947368,19
92,93,"[4.17391304 3.66666667 4.         4.06896552 4.06666667 4.3
 4.54545455 4.31578947 4.2        4.36842105 4.         4.5
 4.45       5.         4.         0.         5.         4.
 0.         0.        ]",4.269230769230769,78
93,94,"[3.28571429 4.         3.6        2.78947368 2.83333333 2.44444444
 3.53333333 3.125      3.3        3.29411765 3.         3.5
 3.42857143 3.75       4.         0.         4.         3.5
 0.         0.        ]",3.1333333333333333,45
94,95,"[4.17105263 4.7        4.25       3.92708333 3.875      4.22916667
 4.22222222 4.21       4.23214286 4.1025641  3.25       4.22222222
 4.23404255 4.25       4.         4.5        4.125      0.
 4.         0.        ]",4.097014925373134,134
95,96,"[3.77272727 5.         4.2        4.         4.         3.625
 3.7826087  3.80645161 4.4        3.73684211 4.66666667 4.66666667
 3.92307692 3.75       4.         0.         5.         0.
 5.         0.        ]",3.838709677419355,62
96,97,"[4.4        5.         4.5        4.25       5.         4.4
 3.88888889 4.22222222 4.5        4.6        5.         0.
 4.5        4.         0.         0.         4.         0.
 0.         0.        ]",4.241379310344827,29
97,98,"[3.75862069 4.         4.0625     4.01923077 3.625      3.80769231
 3.9375     3.625      4.3        3.95833333 4.625      4.6
 3.69047619 5.         3.9        0.         3.38888889 0.
 0.         0.        ]",3.9594594594594597,74
98,99,"[4.14285714 5.         5.         3.83333333 0.         4.66666667
 4.26666667 3.70588235 4.         3.75       3.33333333 4.5
 2.75       3.5        5.         0.         5.         4.5
 0.         0.        ]",3.8095238095238093,42
99,100,"[4.         3.5        3.9        3.95070423 3.875      4.078125
 4.00892857 3.95652174 4.11111111 3.61111111 2.4        3.7
 3.125      4.16666667 3.9375     0.         0.         4.33333333
 0.         0.        ]",3.940677966101695,118
100,101,"[3.         4.         4.         3.45       4.         3.25
 4.11111111 3.3        4.         3.45454545 3.75       4.
 4.         0.         4.         0.         4.         0.
 0.         0.        ]",3.5918367346938775,49
101,102,"[3.2        4.         3.66666667 3.5625     0.         3.33333333
 3.58823529 3.16666667 3.45454545 3.42105263 3.5        4.
 2.75       3.66666667 4.         0.         4.         3.4
 0.         0.        ]",3.3777777777777778,45
102,103,"[3.50549451 3.62790698 3.66197183 3.87096774 3.7        3.86904762
 4.1875     3.67605634 4.41       4.02083333 3.27777778 3.81578947
 3.359375   4.15       3.83333333 0.         3.25       4.4375
 4.75       0.        ]",3.9205298013245033,302
103,104,"[3.5        3.88235294 3.74418605 3.55244755 3.64102564 3.76712329
 3.54098361 3.08333333 3.46428571 3.22727273 1.83333333 3.5
 3.24074074 3.33333333 3.82758621 0.         3.85       2.
 4.5        0.        ]",3.4747706422018347,218
104,105,"[3.90454545 4.22527473 4.10909091 4.03787879 3.96052632 4.03809524
 4.16955017 3.89130435 4.18867925 4.04700855 4.         4.2037037
 3.9695122  4.14285714 3.86363636 4.5        3.96551724 4.
 4.1        4.75      ]",4.106401384083045,578
105,106,"[4.27777778 4.25       4.1        4.7        4.32142857 0.
 4.375      4.1875     5.         3.8        2.5        4.33333333
 3.91666667 0.         0.         0.         4.71428571 0.
 0.         0.        ]",4.326923076923077,26
106,107,"[3.7        4.         4.         3.72727273 4.         4.25
 4.15384615 3.5        3.8        3.625      0.         4.
 3.4        4.         0.         0.         0.         4.5
 0.         0.        ]",3.8518518518518516,27
107,108,"[4.11111111 3.5        4.         4.2173913  3.         4.05882353
 4.16666667 3.66666667 4.5        3.72727273 2.         4.5
 4.27272727 3.5        5.         0.         0.         0.
 0.         0.        ]",4.0,61
108,109,"[2.9375     3.         3.         3.06976744 2.875      3.33333333
 3.40384615 3.18181818 3.63157895 3.31034483 3.33333333 3.4
 3.         3.8        3.16666667 3.         3.         3.5
 3.         0.        ]",3.235294117647059,102
109,110,"[3.75       0.         2.         3.67647059 0.         3.8125
 3.93478261 3.36363636 4.         3.80769231 2.25       3.875
 2.375      4.         0.         5.         0.         0.
 0.         0.        ]",3.731707317073171,41
110,111,"[3.26136364 3.10638298 3.15625    3.37669377 3.07758621 3.23232323
 3.26339286 3.36697248 3.45522388 2.8164557  2.09259259 2.63043478
 2.88095238 4.1        3.36842105 4.3        2.96428571 3.375
 0.         3.        ]",3.2998065764023212,517
111,112,"[3.75       3.5        3.         2.45833333 2.9        2.16666667
 3.26470588 3.97619048 3.7        3.6        4.25       5.
 4.33333333 3.25       3.5        0.         4.6        4.
 0.         0.        ]",3.4326923076923075,52
112,113,"[4.5        3.5        4.28571429 3.54716981 3.71428571 3.80597015
 3.88311688 2.85714286 3.76923077 3.42857143 3.6        3.58333333
 3.25       4.5        4.2        0.         0.         0.
 4.5        0.        ]",3.7,120
113,114,"[3.26470588 2.75       3.16666667 3.625      3.25       3.25
 3.66666667 3.20833333 3.83333333 3.6        4.         2.5
 3.3        0.         3.5        0.         3.         0.
 0.         0.        ]",3.46,25
114,115,"[3.65517241 4.         4.2        3.75609756 3.25       2.75
 3.9047619  3.72727273 4.         3.7        3.70588235 4.09090909
 3.78571429 3.8        4.16666667 0.         0.         4.5
 4.         0.        ]",3.7666666666666666,90
115,116,"[3.23333333 3.5        3.2        3.31034483 3.25       3.53571429
 3.0862069  3.83333333 3.14285714 3.60714286 3.07142857 3.875
 3.5625     2.92857143 3.9        0.         1.         0.
 0.         0.        ]",3.3785714285714286,70
116,117,"[3.17857143 3.77777778 3.52631579 3.38297872 3.3        3.45454545
 3.44444444 3.11764706 3.23809524 3.18421053 3.5        3.33333333
 3.14285714 3.85714286 3.77777778 0.         4.         3.75
 0.         0.        ]",3.340909090909091,132
117,118,"[3.         0.         0.         3.33333333 0.         2.5
 4.         3.5        4.         3.8        3.         3.5
 4.         4.         0.         0.         0.         0.
 0.         0.        ]",3.8333333333333335,18
118,119,"[4.16101695 4.1        4.07142857 4.04464286 4.         4.29166667
 4.33802817 4.13291139 4.31081081 4.15789474 4.         4.3
 3.984375   4.41666667 5.         4.         4.26190476 3.83333333
 4.         0.        ]",4.186046511627907,172
119,120,"[3.5        3.         2.66666667 3.25       2.66666667 3.2
 3.83333333 3.6        5.         3.6        3.         3.
 4.         0.         2.66666667 0.         0.         0.
 0.         0.        ]",3.4444444444444446,18
120,121,"[3.         4.         4.         3.17647059 2.66666667 3.5
 3.42857143 3.08333333 3.85714286 3.2        3.         3.
 3.33333333 3.5        0.         3.         3.         3.25
 0.         0.        ]",3.260869565217391,46
121,122,"[4.40151515 4.625      4.5625     4.56914894 4.453125   4.45
 4.67045455 4.40243902 4.65306122 4.49324324 4.47058824 4.60869565
 4.46969697 4.61111111 4.875      4.5        4.26470588 4.58333333
 0.         0.        ]",4.551282051282051,234
122,123,"[3.88461538 4.         4.25       3.875      3.8        4.
 4.07407407 3.925      4.06666667 4.08       4.         4.1875
 4.         4.16666667 0.         0.         4.125      4.5
 0.         0.        ]",4.022222222222222,45
123,124,"[4.125      4.3        4.2        3.97222222 3.75       4.2
 4.47222222 3.6875     4.4375     3.72222222 2.33333333 3.5
 3.42857143 5.         0.         0.         0.         0.
 0.         0.        ]",3.9875,40
124,125,"[3.675      3.88235294 3.67857143 3.92608696 3.77419355 3.95454545
 4.01694915 3.685      3.93023256 3.88356164 3.84       4.075
 3.77631579 3.55555556 4.16666667 2.5        3.5952381  3.875
 3.83333333 4.5       ]",3.861111111111111,288
125,126,"[3.18181818 4.         3.5        3.         3.66666667 4.2
 3.54545455 3.38461538 3.2        3.66666667 0.         5.
 2.66666667 3.66666667 4.         0.         4.33333333 0.
 0.         0.        ]",3.3333333333333335,30
126,127,"[0.5        0.5        1.25       3.33333333 2.         2.33333333
 2.94444444 4.         4.         3.         1.         4.
 1.         5.         0.         0.         0.         4.
 5.         0.        ]",3.1944444444444446,18
127,128,"[4.4        0.         0.         4.57142857 4.         4.6
 4.44444444 4.125      4.14285714 4.125      4.         4.14285714
 4.33333333 5.         5.         0.         0.         0.
 4.         0.        ]",4.3076923076923075,26
128,129,"[3.9122807  4.1        3.90625    3.84848485 4.04166667 4.11111111
 3.90740741 4.03448276 4.1        3.82758621 3.5        3.5
 3.93243243 4.25       4.0625     0.         3.8        0.
 4.5        0.        ]",3.90625,112
129,130,"[3.2        2.33333333 2.75       3.44444444 3.         3.
 4.125      3.66666667 4.         3.83333333 0.         0.
 3.5        5.         2.         0.         3.         0.
 0.         0.        ]",3.590909090909091,22
130,131,"[3.42857143 3.5        0.         3.40909091 3.375      3.41666667
 3.51515152 3.46666667 3.82352941 3.5        3.5        3.5
 3.21428571 3.33333333 0.         3.         4.         2.
 4.         0.        ]",3.5090909090909093,55
131,132,"[2.81372549 2.94444444 2.9        2.93650794 3.12765957 3.09782609
 3.175      2.88297872 3.15555556 3.18       2.86842105 3.26190476
 2.87878788 3.35714286 3.41304348 2.75       3.57142857 2.5
 4.         0.        ]",3.050359712230216,278
132,133,"[2.4        0.         0.         2.6        0.         3.
 2.91666667 2.58333333 2.63636364 2.9375     2.5        3.5
 3.         3.5        0.         0.         3.         2.
 0.         0.        ]",2.892857142857143,28
133,134,"[3.55555556 3.66666667 3.66666667 3.125      3.66666667 3.33333333
 3.8        3.35714286 3.71428571 3.5        4.         4.
 3.6        0.         4.         0.         5.         4.
 0.         0.        ]",3.5714285714285716,28
134,135,"[3.421875   4.         3.64285714 3.61702128 3.78787879 3.82758621
 3.71641791 3.42553191 3.52631579 3.47368421 3.93333333 3.77272727
 3.5        4.         4.         4.5        0.         4.
 3.         0.        ]",3.587443946188341,223
135,136,"[3.15       3.         2.85714286 3.08823529 3.33333333 3.66666667
 3.5483871  3.09090909 3.4        3.4        3.11111111 4.2
 2.6        4.2        3.5        0.         3.33333333 2.4
 0.         0.        ]",3.247191011235955,89
136,137,"[3.80769231 3.66666667 3.8        3.78571429 3.875      3.79545455
 3.97619048 3.7037037  3.6875     3.60869565 3.86363636 4.1875
 3.58695652 4.13333333 3.75       4.41666667 3.5        4.
 3.875      0.        ]",3.924778761061947,113
137,138,"[4.         4.         4.         4.05555556 3.33333333 3.75
 3.22222222 3.66666667 1.66666667 0.5        0.         0.5
 3.75       1.5        0.         0.         5.         0.
 0.         0.        ]",3.5,18
138,139,"[2.34848485 2.42307692 2.16666667 2.02564103 2.40322581 1.96428571
 2.21875    2.15909091 2.08       1.94262295 1.575      2.22222222
 2.04464286 2.54545455 2.66666667 0.         2.44230769 2.5
 0.         0.        ]",2.129032258064516,155
139,140,"[3.54166667 3.16666667 3.6125     3.29583333 3.52083333 3.62941176
 3.60035211 3.45172414 3.53431373 3.39236111 3.25       3.33928571
 3.39655172 3.79       3.45833333 3.         4.25       3.81428571
 3.375      0.        ]",3.5,486
140,141,"[3.71568627 3.85714286 3.72727273 3.52597403 3.79166667 3.6
 3.78947368 3.57142857 3.58       3.56       3.125      3.4375
 3.65384615 3.5        3.41666667 0.         3.85294118 4.25
 0.         0.        ]",3.593283582089552,134
141,142,"[3.71428571 4.33333333 4.25       4.         4.         4.
 3.8        3.33333333 3.33333333 3.57142857 0.         4.
 3.         4.66666667 4.33333333 0.         4.         4.
 0.         0.        ]",3.7,30
142,143,"[3.9375     3.77777778 3.7        3.45833333 3.8        3.47058824
 3.3        2.25       3.5        2.         1.         2.
 2.83333333 5.         5.         0.         3.         0.
 0.         0.        ]",3.3947368421052633,57
143,144,"[3.58064516 4.05       3.73333333 3.41860465 3.76666667 3.72727273
 3.76136364 3.35483871 3.75       3.38       3.9        3.75
 2.95833333 3.5        4.58333333 3.5        4.25       3.625
 0.         0.        ]",3.5637254901960786,102
144,145,"[3.375      4.5        4.5        3.28571429 4.5        3.33333333
 3.33333333 3.         3.5        3.42857143 0.         5.
 3.         0.         4.         0.         3.5        4.
 0.         0.        ]",3.3333333333333335,18
145,146,"[3.5        4.         3.3        3.125      3.33333333 3.25
 3.38888889 1.75       3.3        3.         3.33333333 3.5
 2.875      0.         0.         0.         0.         0.
 0.         0.        ]",3.173076923076923,26
146,147,"[4.75       3.         3.         3.85       3.         3.08333333
 2.58333333 2.83333333 4.33333333 3.         4.5        0.
 4.5        1.5        3.         0.         0.         4.5
 0.         0.        ]",3.40625,16
147,148,"[3.625      3.53571429 3.65       3.35714286 3.63157895 3.92857143
 3.6        3.46428571 2.5        3.58333333 0.         3.16666667
 3.61111111 4.25       3.         0.         3.67857143 0.
 0.         0.        ]",3.6315789473684212,38
148,149,"[2.33333333 2.5        1.75       3.         2.5        4.
 3.4        2.76       2.5        3.         3.75       2.5
 2.77272727 5.         0.         0.         0.         2.
 0.         0.        ]",2.782608695652174,46
149,150,"[3.71428571 0.         3.         3.5        3.         3.5
 3.5        3.6        3.66666667 3.71428571 0.         4.
 4.66666667 0.         3.         0.         0.         0.
 0.         0.        ]",3.619047619047619,21
150,151,"[3.36363636 4.33333333 3.45454545 3.74193548 3.88888889 4.28571429
 3.5        3.42857143 4.5        3.27272727 2.8        0.
 3.66666667 0.         3.         0.         0.         0.
 0.         0.        ]",3.5531914893617023,47
151,152,"[3.38888889 4.5        4.5        3.63636364 3.16666667 4.1
 4.015625   3.43333333 4.08333333 3.95454545 4.5        4.0625
 3.5        3.83333333 3.5        4.25       3.5        0.
 4.         0.        ]",3.96,50
152,153,"[1.3452381  1.7        1.69047619 2.09166667 1.80952381 2.64444444
 2.80681818 0.93333333 1.53571429 1.88235294 1.33333333 3.16666667
 1.625      1.58333333 2.85714286 1.         1.22222222 0.5
 2.5        0.        ]",2.2097902097902096,143
153,154,"[4.4375     4.57142857 4.92857143 4.25       4.78571429 5.
 4.58333333 4.1        3.5        3.16666667 0.         5.
 4.6        4.5        0.         0.         4.70833333 0.
 0.         0.        ]",4.388888888888889,27
154,155,"[3.625      3.6        3.25       3.47368421 3.33333333 4.
 3.28571429 3.70588235 3.57142857 3.66666667 0.         0.
 4.         4.         3.         0.         0.         4.
 0.         0.        ]",3.5945945945945947,37
155,156,"[3.57142857 3.35       3.27777778 3.53963415 3.65384615 3.78205128
 3.87797619 3.27027027 3.86792453 3.88043478 3.66666667 4.03448276
 3.33333333 3.97727273 3.8125     3.83333333 4.         3.75
 4.63636364 0.        ]",3.7138364779874213,318
156,157,"[3.8        4.         3.         3.4        3.5        2.5
 3.71428571 3.4        4.5        4.5        0.         3.5
 4.         5.         0.         0.         0.         0.
 0.         0.        ]",3.588235294117647,17
157,158,"[3.75       0.         2.5        3.2        3.1        2.83333333
 3.41666667 3.66666667 3.875      3.75       3.625      4.
 4.         0.         0.         4.         0.         0.
 0.         0.        ]",3.5,21
158,159,"[3.73076923 3.83333333 3.83333333 3.35       4.         3.17391304
 3.03333333 3.5        1.83333333 2.58333333 0.         0.
 2.3        3.66666667 3.5        0.         4.5        0.
 0.         0.        ]",3.198717948717949,78
159,160,"[2.33510638 3.78571429 2.88043478 2.67222222 2.87755102 2.80232558
 3.13235294 2.35869565 3.29       2.49596774 2.33333333 3.01785714
 2.62037037 3.85714286 3.83333333 0.         3.75       2.33333333
 5.         0.        ]",2.7457142857142856,350
160,161,"[4.         4.20833333 4.15384615 3.84210526 3.28571429 3.07142857
 3.6875     3.875      4.66666667 3.83333333 4.         0.
 3.9        0.         3.8        4.5        0.         0.
 0.         0.        ]",3.774193548387097,31
161,162,"[4.         4.         4.         4.         3.         4.1
 4.25925926 4.25       4.57142857 4.125      0.         4.
 4.         4.5        4.         0.         4.         4.
 0.         0.        ]",4.233333333333333,30
162,163,"[2.         0.         4.         3.11111111 2.         3.14285714
 3.125      3.         2.5        3.         0.         3.
 0.         0.         0.         0.         0.         0.
 3.         0.        ]",3.0555555555555554,18
163,164,"[4.28571429 0.         4.         3.4        3.5        3.66666667
 4.42857143 4.36       3.         4.18181818 3.         0.
 4.30769231 5.         0.         0.         0.         5.
 0.         0.        ]",4.241379310344827,29
164,165,"[4.         4.         4.         3.5        3.33333333 3.76923077
 3.42307692 3.83333333 3.61538462 3.73333333 3.5        4.
 3.625      3.5        4.         0.         0.         3.33333333
 0.         0.        ]",3.6153846153846154,52
165,166,"[4.06976744 4.5        4.2        4.12195122 4.05       4.35
 4.17857143 3.96268657 4.23170732 4.02830189 3.65       3.96875
 3.98275862 4.16666667 4.5        3.5        4.3        4.33333333
 4.66666667 0.        ]",4.0756578947368425,152
166,167,"[3.83333333 3.925      3.72916667 3.34       3.90625    2.625
 3.17647059 3.41463415 3.31818182 3.06896552 2.75       3.5
 3.5        2.75       3.27777778 0.         4.         2.
 4.5        0.        ]",3.4130434782608696,138
167,168,"[4.44444444 4.5        4.5        4.5        4.5        4.54166667
 4.56       4.53333333 4.61363636 4.57142857 3.         4.76666667
 2.33333333 4.66666667 4.5        5.         0.         4.875
 4.7        0.        ]",4.5,75
168,169,"[4.16666667 4.23809524 4.25       4.23275862 4.31081081 4.24626866
 4.35542169 3.953125   4.125      3.90384615 3.75       4.1
 3.975      4.35       4.35       4.         4.3        4.
 0.         0.        ]",4.251162790697674,215
169,170,"[3.22222222 3.2        3.         3.07692308 2.6        3.8
 3.7        3.25       3.28571429 3.17647059 4.         3.
 3.33333333 4.         3.2        0.         3.         4.
 0.         0.        ]",3.375,40
170,171,"[4.52941176 4.6        4.42857143 4.55555556 4.25       4.5
 4.71428571 4.47058824 4.78571429 4.6        4.66666667 4.6
 4.5        4.         4.42857143 0.         0.         4.75
 0.         0.        ]",4.590909090909091,66
171,172,"[3.75       3.5        3.75       4.         4.         5.
 3.83333333 3.6875     3.83333333 3.7        3.75       4.5
 3.875      3.66666667 3.5        0.         0.         3.5
 0.         0.        ]",3.8333333333333335,21
172,173,"[3.5        3.         3.         3.88888889 3.         3.71428571
 4.25       3.16666667 3.         3.2        0.         0.
 3.5        5.         3.         0.         3.5        0.
 0.         0.        ]",3.7,20
173,174,"[3.64705882 4.         3.33333333 3.73913043 4.         4.1
 3.70588235 3.75       3.375      3.68421053 3.5        3.6
 3.45454545 3.         4.         0.         5.         4.
 0.         0.        ]",3.6666666666666665,54
174,175,"[0.         0.         4.25       3.5        0.         4.28571429
 4.04166667 0.         0.         0.5        0.5        0.
 0.5        0.         4.5        0.         0.         0.
 0.         0.        ]",3.3684210526315788,19
175,176,"[4.07692308 3.         3.         3.5        3.         4.
 4.11111111 4.16666667 4.         4.30769231 5.         5.
 4.25       4.         3.         0.         4.         4.25
 0.         0.        ]",4.103448275862069,29
176,177,"[3.23333333 3.48795181 3.28448276 3.28971963 3.38034188 3.54381443
 3.61451613 3.16470588 3.5        3.2755102  3.         3.59183673
 3.13855422 3.75925926 3.55833333 4.25       3.76190476 3.45454545
 3.         0.        ]",3.3907330567081604,723
177,178,"[3.7        2.875      3.         4.02272727 3.57142857 4.1875
 4.421875   3.875      4.19230769 4.175      4.33333333 4.4
 4.11111111 4.64285714 2.         3.5        3.25       4.5
 0.         0.        ]",4.112903225806452,62
178,179,"[3.625      4.         4.         3.54166667 3.75       3.8
 4.17647059 3.68181818 3.69230769 3.80952381 3.5        3.66666667
 3.88888889 5.         4.         0.         4.         4.
 0.         0.        ]",3.709090909090909,55
179,180,"[3.78571429 4.         4.         3.4375     3.66666667 3.5
 3.64285714 3.92857143 4.5        3.25       3.25       0.
 4.         3.5        0.         0.         0.         0.
 0.         0.        ]",3.5789473684210527,19
180,181,"[3.16666667 3.66666667 3.16666667 2.92682927 3.         3.0952381
 3.15384615 2.73333333 2.77777778 3.02631579 2.75       3.2
 2.42857143 3.         3.4        0.         4.         2.
 0.         0.        ]",2.9148936170212765,94
181,182,"[3.1056338  3.63461538 3.02173913 3.47924528 3.23913043 3.63461538
 3.86842105 3.10232558 3.68553459 3.28755365 3.14285714 3.68032787
 3.00403226 4.01960784 3.35714286 3.28571429 3.1        3.57142857
 4.2        0.        ]",3.507042253521127,781
182,183,"[3.75       0.         0.         3.4        3.         4.33333333
 4.05882353 3.94594595 3.625      3.8        3.4        4.
 3.27272727 4.28571429 0.         0.         0.         4.
 0.         0.        ]",3.847826086956522,46
183,184,"[3.51515152 3.45652174 3.21428571 3.45454545 3.26666667 4.
 3.91666667 3.54166667 3.95       3.7037037  2.875      4.18181818
 3.83333333 3.9        0.         4.58333333 4.0625     0.
 0.         4.5       ]",3.6588785046728973,107
184,185,"[3.6        3.5        3.5        3.3125     3.28571429 3.41176471
 3.35294118 3.5        2.75       3.75       1.5        5.
 1.         3.         3.7        0.         4.         0.
 0.         0.        ]",3.4210526315789473,38
185,186,"[4.13157895 4.15384615 4.10714286 4.13207547 4.19354839 4.09375
 4.09259259 4.01538462 4.05882353 4.04081633 4.13333333 4.28571429
 4.08823529 4.         4.38461538 4.         4.33333333 4.25
 4.         0.        ]",4.088397790055248,181
186,187,"[3.23170732 4.21875    3.41666667 3.5        4.11904762 3.3125
 3.875      3.36440678 3.75       3.57042254 4.1875     4.05263158
 3.23809524 3.70833333 4.5        4.         2.2        3.5
 4.375      0.        ]",3.7354368932038833,206
187,188,"[5.         4.5        4.66666667 4.38888889 4.66666667 4.38461538
 4.38888889 4.         4.         4.25       0.         4.25
 3.         5.         4.6        0.         0.         4.
 5.         0.        ]",4.394736842105263,38
188,189,"[4.1        4.25       4.25       4.         4.         4.
 4.25       4.21428571 4.21428571 4.2        4.         4.25
 4.5        4.25       0.         0.         4.25       0.
 0.         0.        ]",4.15625,16
189,190,"[4.23333333 3.875      4.         3.8        4.45       3.93333333
 4.03571429 3.85       3.92857143 3.73076923 0.         3.875
 3.66666667 4.         3.5        3.         5.         0.
 4.         0.        ]",3.943396226415094,53
190,191,"[2.90909091 4.66666667 4.33333333 4.03703704 4.66666667 3.53333333
 4.09302326 2.41666667 4.54545455 3.7        0.         3.2
 2.33333333 3.         0.         5.         2.         1.
 5.         0.        ]",3.8676470588235294,68
191,192,"[4.57142857 0.         0.         4.25       3.         5.
 4.11111111 4.2        3.66666667 4.09090909 3.         3.5
 4.25       4.         0.         0.         5.         4.
 0.         0.        ]",4.055555555555555,18
192,193,"[3.75       3.5        2.         3.42857143 3.         3.66666667
 4.11111111 3.78571429 4.         4.22222222 4.25       4.5
 4.41666667 4.         0.         0.         0.         0.
 0.         0.        ]",3.9642857142857144,28
193,194,"[3.5        2.         2.         3.55555556 0.         3.28571429
 3.5        3.4        3.5        3.33333333 3.5        3.5
 3.5        4.25       3.         0.         0.         3.
 3.5        0.        ]",3.5,16
194,195,"[3.2173913  2.33333333 2.2        3.62790698 2.5        3.8
 3.62637363 3.26315789 3.61764706 3.38297872 3.22222222 3.53333333
 3.53846154 3.27272727 2.         0.         0.         3.5
 3.         0.        ]",3.533333333333333,150
195,196,"[3.85       4.5        4.5        3.25       2.5        0.
 3.92857143 4.05       4.25       3.85       3.         3.25
 3.625      3.25       5.         0.         5.         0.
 0.         0.        ]",3.8846153846153846,26
196,197,"[3.5        0.         0.         4.         0.         4.
 3.92857143 4.4        3.8        4.09090909 3.         3.
 4.33333333 3.         0.         0.         0.         4.
 0.         0.        ]",4.0,28
197,198,"[3.62962963 3.66666667 3.33333333 3.42592593 3.3        3.79487179
 3.79047619 3.38095238 3.75757576 3.44897959 2.57142857 3.42857143
 3.42222222 4.2        4.         0.         4.         3.33333333
 3.33333333 0.        ]",3.5217391304347827,184
198,199,"[3.66666667 0.         2.         3.38235294 3.4        3.16666667
 3.5        3.40277778 3.57246377 3.25342466 3.33333333 3.26923077
 3.14       3.95833333 3.5        3.1        2.25       4.
 4.25       0.        ]",3.4017241379310343,290
199,200,"[3.76623377 3.6        3.34210526 3.82116788 3.70833333 3.7739726
 3.83333333 3.84883721 4.11627907 3.85454545 3.91666667 4.45
 3.72368421 3.75       4.15384615 4.         4.         3.5
 5.         0.        ]",3.8127340823970037,267
200,201,"[4.24       4.6        4.625      4.23913043 4.09090909 4.26923077
 4.56       4.06666667 3.7        3.85       3.4        4.
 4.         5.         4.         0.         4.         3.5
 1.         0.        ]",4.125,88
201,202,"[3.87341772 3.88888889 4.06666667 3.78823529 3.96296296 3.77272727
 3.84269663 3.67272727 3.90909091 3.75581395 4.125      3.8
 3.71698113 4.04       3.85714286 4.         0.         3.85714286
 3.66666667 0.        ]",3.7888198757763973,322
202,203,"[3.96428571 3.5        3.5        3.         4.         3.
 4.23076923 3.88888889 4.16666667 3.85714286 0.         4.16666667
 3.5        4.75       0.         0.         3.5        5.
 0.         0.        ]",3.763888888888889,36
203,204,"[3.3        3.63636364 3.38888889 3.925      3.66666667 3.91666667
 3.96969697 3.875      4.25       4.29166667 3.6875     4.27777778
 3.94444444 4.5        0.         0.         3.75       3.5
 3.83333333 0.        ]",3.9696969696969697,66
204,205,"[3.91666667 4.         3.83333333 3.5        3.83333333 3.5
 3.88888889 3.9        4.5        3.83333333 0.         4.
 4.25       4.         2.75       5.         3.78571429 0.
 0.         0.        ]",3.8863636363636362,22
205,206,"[3.71428571 4.66666667 4.25       4.5        4.33333333 4.66666667
 4.6        3.2        5.         3.42857143 0.         3.
 3.33333333 0.         4.         0.         0.         0.
 0.         0.        ]",4.1,20
206,207,"[2.6        0.         0.5        2.5        2.         3.
 3.16666667 3.25       3.5        3.42857143 3.83333333 0.
 2.         0.         0.         0.         0.         3.5
 0.         0.        ]",3.03125,16
207,208,"[3.         0.         0.         2.75       3.         3.
 3.75       3.46666667 3.         3.07692308 3.         3.5
 3.8        4.5        0.         0.         0.         0.
 0.         0.        ]",3.380952380952381,21
208,209,"[4.5        4.         4.         4.08333333 4.6        4.125
 4.22222222 4.25       4.66666667 4.         2.5        4.5
 4.         4.5        0.         0.         4.25       0.
 0.         0.        ]",4.232142857142857,28
209,210,"[4.22       4.17647059 3.94444444 3.91666667 3.86206897 4.5
 3.86363636 4.1440678  2.875      3.94736842 3.33333333 4.25
 4.23484848 4.75       0.         0.         4.19565217 0.
 0.         4.        ]",4.081818181818182,110
210,211,"[3.85714286 4.         4.         4.         4.         3.83333333
 4.01923077 3.79268293 4.2173913  3.63333333 3.5        3.5
 3.54761905 3.9        4.33333333 0.         3.75       0.
 4.         0.        ]",3.887323943661972,71
211,212,"[3.56578947 3.77586207 3.69230769 3.62698413 3.71621622 3.675
 3.57792208 3.51162791 3.62820513 3.41666667 3.3        3.5
 3.44047619 3.5        3.66666667 0.         3.4375     3.5
 4.         3.5       ]",3.5833333333333335,198
212,213,"[3.79545455 3.9        3.71428571 3.76470588 3.59090909 4.
 3.94       4.         3.83333333 3.72413793 3.46428571 3.5
 3.89285714 3.83333333 5.         0.         3.57142857 0.
 0.         0.        ]",3.8059701492537314,67
213,214,"[2.8        3.         3.         2.8        2.66666667 2.66666667
 3.         2.8        3.         2.83333333 0.         3.
 2.75       0.         3.         0.         0.         0.
 0.         0.        ]",2.888888888888889,18
214,215,"[4.03846154 0.         4.5        3.859375   3.9375     3.85714286
 4.13636364 3.92105263 3.9        3.53846154 2.375      4.07142857
 3.5        4.1875     0.         5.         0.         2.5
 4.         0.        ]",3.9166666666666665,78
215,216,"[3.55555556 3.4        3.46666667 3.625      3.53333333 3.76666667
 3.69230769 3.52941176 3.84210526 3.47368421 3.5        4.16666667
 3.125      3.4        3.8125     0.         4.         4.
 4.28571429 0.        ]",3.6793893129770994,131
216,217,"[2.95172414 3.04761905 2.8        2.62978723 2.68852459 2.51923077
 2.8359375  2.83505155 2.95652174 2.91472868 2.79166667 3.11538462
 2.91111111 2.6        2.88235294 0.         0.         2.36363636
 3.         0.        ]",2.773469387755102,490
217,218,"[3.4        0.         0.         3.7        2.         3.66666667
 3.66666667 3.16666667 3.5        2.75       3.75       2.66666667
 2.9        4.         3.25       0.         3.         0.
 0.         0.        ]",3.4285714285714284,21
218,219,"[3.18650794 3.5        2.80263158 3.171875   3.09259259 3.11702128
 3.46341463 3.15482234 3.45454545 3.29677419 3.1        3.86046512
 3.0106383  3.66666667 3.58333333 3.75       3.55882353 3.375
 4.28571429 0.        ]",3.231042654028436,422
219,220,"[3.85507246 4.2        4.         4.05263158 4.02380952 4.15789474
 4.09375    3.75903614 4.375      3.73636364 3.25       3.83333333
 3.77272727 3.66666667 4.1        4.         3.92857143 4.6
 0.         0.        ]",3.9397590361445785,166
220,221,"[3.859375   4.         3.6        3.93529412 4.26666667 4.26315789
 4.25316456 3.81818182 4.26388889 4.17924528 4.4        4.39393939
 4.         4.30434783 3.5        4.35       2.5        4.14285714
 4.4375     0.        ]",4.150943396226415,265
221,222,"[3.16666667 3.08333333 2.375      3.06741573 3.07142857 2.93939394
 3.203125   3.24590164 3.2037037  3.06666667 2.375      3.18181818
 3.27272727 3.5        4.5        2.75       3.375      3.66666667
 2.5        0.        ]",3.1675,200
222,223,"[3.52941176 3.9        3.5        3.35       3.41666667 3.71428571
 3.1875     3.45238095 3.45       2.95238095 2.         3.57142857
 3.40909091 3.5        3.66666667 0.         3.58333333 3.
 4.         0.        ]",3.2416666666666667,60
223,224,"[3.33333333 0.         4.5        4.55172414 4.66666667 4.24
 4.26315789 3.66666667 4.33333333 4.         4.         0.
 3.25       3.66666667 0.         0.         0.         0.
 0.         0.        ]",4.27906976744186,43
224,225,"[3.77777778 4.         4.         3.80487805 4.16666667 3.90909091
 3.72727273 3.625      3.8        3.7        3.47619048 3.33333333
 3.375      0.         4.         0.         0.         0.
 0.         0.        ]",3.683333333333333,60
225,226,"[3.52380952 3.23529412 3.33050847 3.51310044 3.47014925 3.31428571
 3.59375    3.47752809 3.63934426 3.48529412 3.         3.390625
 3.53508772 3.72222222 3.19642857 4.16666667 3.79166667 3.3
 0.         0.        ]",3.4852216748768474,406
226,227,"[4.025      4.33333333 4.33333333 4.4        3.6        4.
 4.29166667 4.11904762 4.4        4.45454545 0.         4.5
 4.22222222 4.31818182 4.25       4.         3.9        4.5
 0.         0.        ]",4.233333333333333,75
227,228,"[3.57142857 3.5        3.         2.         4.         3.
 3.6        3.86363636 4.         3.83333333 4.         4.
 4.11111111 4.         0.         0.         0.         0.
 0.         0.        ]",3.725,20
228,229,"[3.63636364 4.         4.         3.56521739 3.         3.88888889
 4.         3.64705882 3.75       3.61111111 3.5        4.
 3.6        4.33333333 4.         0.         4.5        3.
 0.         0.        ]",3.7115384615384617,52
229,230,"[3.14864865 2.53846154 2.42105263 2.71794872 3.025      2.56
 2.56060606 3.13095238 2.61538462 3.11290323 2.71428571 2.71428571
 2.90384615 1.         2.4        0.         3.3125     2.5
 0.         0.        ]",2.779279279279279,111
230,231,"[4.1        0.         0.         3.5        0.         3.5
 3.42857143 4.35       4.33333333 4.33333333 4.5        0.
 4.21428571 2.         0.         0.         3.         0.
 0.         0.        ]",3.9210526315789473,19
231,232,"[3.17987805 3.00877193 2.93939394 3.08139535 3.09574468 3.26068376
 3.5        3.32648402 3.42924528 3.29591837 2.92647059 3.39814815
 3.25       4.02083333 3.0875     3.26923077 3.65384615 3.8
 4.5        0.        ]",3.2460087082728593,689
232,233,"[3.22727273 3.6875     3.625      3.16666667 3.36842105 3.45833333
 3.45588235 3.1875     3.52857143 3.25       4.         3.34615385
 3.         3.33333333 3.33333333 3.25       3.2        3.5
 3.         0.        ]",3.3291666666666666,120
233,234,"[3.6626506  3.96666667 3.48529412 3.54411765 3.51282051 4.
 3.88235294 3.52564103 3.68421053 3.84615385 4.         3.85714286
 3.71428571 2.33333333 4.33333333 0.         0.         3.66666667
 0.         0.        ]",3.574074074074074,162
234,235,"[3.23076923 4.         3.625      3.4        3.5        4.
 3.875      3.15384615 3.85714286 3.5        5.         3.33333333
 3.         4.25       4.         4.         5.         3.
 0.         0.        ]",3.576923076923077,52
235,236,"[5.         0.         0.         4.07142857 4.         4.
 4.5        5.         4.66666667 4.4        4.11111111 4.5
 3.66666667 0.         4.         0.         0.         0.
 0.         0.        ]",4.166666666666667,24
236,237,"[3.07142857 3.         3.         3.07692308 3.         3.2
 3.60526316 3.5        3.4        3.64705882 3.5        3.5
 3.6        3.16666667 0.         0.         4.         0.
 0.         0.        ]",3.425,40
237,238,"[2.6        0.         1.5        3.6        0.         4.
 3.52941176 3.9375     4.         4.125      3.         4.25
 0.         3.75       0.         0.         0.         4.
 4.         0.        ]",3.7142857142857144,35
238,239,"[4.         3.92307692 3.96666667 3.9469697  4.05555556 4.03225806
 4.20707071 4.03398058 4.3015873  4.08125    3.5        4.25
 3.89423077 4.57692308 3.66666667 4.25       4.         3.9
 3.75       0.        ]",4.091928251121076,223
239,240,"[3.93548387 3.625      3.71428571 4.04651163 4.         3.6
 3.8125     4.         3.4        3.9047619  4.         3.
 4.         4.25       3.42857143 0.         3.66666667 4.8
 0.         0.        ]",3.950980392156863,102
240,241,"[3.92857143 3.83333333 3.5        3.92307692 3.5        3.96428571
 3.91346154 3.77777778 3.91666667 3.725      3.33333333 3.77777778
 4.125      3.7        4.125      0.         4.5        4.
 0.         0.        ]",3.918032786885246,61
241,242,"[3.375      3.         3.         3.5        3.         3.
 3.66666667 3.25       3.85714286 3.92307692 5.         5.
 3.6        3.5        3.         0.         3.         3.33333333
 0.         0.        ]",3.6785714285714284,28
242,243,"[4.22222222 3.5        3.4        4.         3.5        4.
 4.5        4.15789474 4.         4.45454545 0.         0.
 4.         4.66666667 3.5        0.         3.         0.
 0.         0.        ]",4.172413793103448,29
243,244,"[3.77777778 0.         3.         4.15384615 3.83333333 3.81818182
 3.45714286 3.58536585 3.4375     3.58823529 4.         3.25
 3.76923077 3.72727273 0.         0.         0.         4.33333333
 3.         0.        ]",3.7567567567567566,74
244,245,"[4.         3.33333333 3.33333333 3.2        4.         2.
 2.42857143 0.         3.         2.         0.         0.
 0.         3.         0.         3.16666667 0.         0.
 0.         0.        ]",2.8823529411764706,17
245,246,"[4.29090909 4.60869565 4.5952381  4.30612245 4.25       4.40789474
 4.24375    4.24603175 4.14285714 4.25       4.5        4.54545455
 4.13095238 4.625      4.         0.         4.30952381 4.66666667
 4.83333333 0.        ]",4.245398773006135,163
246,247,"[3.67647059 3.85714286 3.85294118 3.84       3.9        3.86666667
 3.93103448 3.71590909 3.875      3.76470588 4.25       4.
 3.57142857 4.125      3.83333333 0.         3.81818182 3.5
 3.         0.        ]",3.808333333333333,120
247,248,"[3.67857143 3.57142857 3.58333333 3.95833333 3.66666667 3.5
 3.375      3.75925926 2.75       3.66666667 0.         4.
 3.65909091 0.         0.         3.5        3.25       0.
 0.         0.        ]",3.6707317073170733,41
248,249,"[3.74208145 3.8220339  3.61607143 3.56065089 3.68446602 3.67708333
 3.89105058 3.72533333 3.83333333 3.61512027 3.24683544 3.75
 3.70899471 3.9137931  3.86111111 3.8        3.82142857 4.
 4.5        0.        ]",3.686379928315412,837
249,250,"[4.         4.5        4.5        3.41666667 4.5        4.625
 4.57692308 3.75       4.5        4.         4.5        4.
 3.         4.5        5.         0.         0.         4.5
 0.         0.        ]",4.181818181818182,22
250,251,"[5.         4.16666667 4.16666667 5.         5.         5.
 4.75       5.         4.91666667 4.92857143 5.         5.
 5.         5.         0.         0.         5.         0.
 0.         0.        ]",4.833333333333333,18
251,252,"[4.26923077 4.36666667 4.375      4.28125    4.25       4.3
 4.25       4.         3.5        4.         0.         4.
 4.1        0.         4.16666667 0.         4.125      0.
 0.         3.        ]",4.233333333333333,30
252,253,"[4.5        4.5        0.         4.30769231 4.625      4.25
 4.35416667 4.5        4.625      4.5        0.         4.2
 4.5        5.         4.75       4.3125     0.         4.5
 4.5        0.        ]",4.342105263157895,38
253,254,"[3.94642857 4.5        4.5        3.91666667 4.28571429 3.86666667
 4.06481481 3.83333333 4.2037037  3.88095238 4.21428571 4.20833333
 3.63636364 4.57142857 4.5        4.25       4.125      4.
 4.75       0.        ]",3.9901960784313726,102
254,255,"[2.71428571 2.4        2.25       2.65517241 1.5        1.5
 2.         4.         2.         3.         3.         0.
 3.5        5.         2.8        1.         0.         1.33333333
 0.         0.        ]",2.5428571428571427,35
255,256,"[3.85869565 3.46875    3.92105263 3.91525424 3.40625    4.
 3.96511628 3.99019608 4.29411765 4.02702703 4.0625     4.08333333
 3.92708333 4.25       4.         4.         3.91666667 4.
 0.         0.        ]",3.946043165467626,139
256,257,"[3.33333333 3.5        3.5        3.         3.25       3.
 3.83333333 3.64285714 3.08333333 3.83333333 0.         4.
 4.         0.         3.75       0.         0.         2.5
 0.         0.        ]",3.1875,16
257,258,"[3.55555556 4.875      5.         5.         3.75       5.
 4.55555556 3.7        5.         4.         4.5        4.5
 3.5        2.25       0.         0.         0.5        0.
 0.         0.        ]",4.125,20
258,259,"[2.35       4.         3.25       3.81818182 2.7        3.
 2.83333333 1.85714286 4.         2.         0.         5.
 2.75       0.         5.         0.         0.         1.
 0.         0.        ]",2.869565217391304,23
259,260,"[3.96153846 3.96153846 4.14285714 3.88297872 3.80769231 3.5
 3.65277778 3.88461538 3.9137931  3.83928571 3.55       3.69230769
 3.66666667 5.         4.16666667 3.6        0.         0.
 3.         0.        ]",3.762295081967213,122
260,261,"[3.16666667 1.5        1.5        3.03846154 2.         5.
 4.17307692 3.82142857 4.07692308 4.2        0.         4.28571429
 4.55555556 3.8        1.         0.         4.5        4.
 0.         0.        ]",3.7738095238095237,42
261,262,"[2.5        2.5        2.5        2.73684211 3.         2.75
 3.27586207 2.66666667 3.25       2.84615385 3.5        3.
 5.         0.         2.5        0.         0.         0.
 3.         0.        ]",3.0652173913043477,46
262,263,"[3.68918919 3.97058824 3.94444444 3.63529412 3.75       3.83333333
 3.85185185 3.58333333 3.91666667 3.57142857 3.33333333 3.8125
 3.76666667 4.11111111 3.875      3.58333333 4.         4.
 5.         0.        ]",3.7172619047619047,168
263,264,"[3.69565217 3.25       3.68181818 3.78571429 4.15       3.57142857
 3.58823529 3.26470588 4.         3.13636364 3.375      3.
 3.4        3.41666667 3.28571429 0.         3.75       0.
 0.         0.        ]",3.588888888888889,45
264,265,"[4.         0.         2.5        3.30769231 2.6        3.22727273
 3.22352941 3.77777778 3.30769231 3.4137931  2.5        4.
 3.64705882 3.55555556 2.5        0.         4.         3.
 0.         0.        ]",3.3923076923076922,130
265,266,"[3.52777778 2.25       2.28571429 3.23376623 3.         2.47058824
 3.58       3.56603774 3.8125     3.57894737 3.         3.14285714
 3.34615385 4.57142857 3.28571429 5.         0.         1.
 0.         0.        ]",3.3819444444444446,144
266,267,"[4.11764706 0.         3.         4.16666667 3.4        4.66666667
 3.55       4.2173913  4.         4.3125     4.125      3.5
 4.42105263 3.         0.         0.         0.         4.
 0.         0.        ]",4.065217391304348,46
267,268,"[2.9375     0.         0.         3.48780488 3.4        3.27777778
 3.40384615 2.89655172 3.29411765 2.88461538 3.33333333 3.42857143
 3.         2.625      3.5        2.         0.         0.
 4.         0.        ]",3.262135922330097,103
268,269,"[3.625      4.5        4.         3.66666667 5.         4.
 4.         3.33333333 3.8        3.81818182 5.         3.5
 3.66666667 0.         4.         0.         0.         0.
 0.         0.        ]",3.652173913043478,23
269,270,"[3.33333333 5.         5.         2.92857143 3.8        3.33333333
 3.7        2.9        3.75       2.92307692 0.         3.33333333
 3.33333333 0.         5.         0.         0.         0.
 0.         0.        ]",3.15625,32
270,271,"[3.3        3.         3.         3.57142857 2.75       3.2
 3.375      2.61111111 2.875      3.25       3.16666667 4.
 3.14285714 4.         3.5        0.         0.         0.
 4.         0.        ]",3.2058823529411766,34
271,272,"[3.15       3.         3.         3.625      2.25       2.75
 3.57142857 3.60714286 4.1        3.6875     3.5        4.
 3.625      0.         0.         0.         3.6        3.5
 0.         0.        ]",3.54,25
272,273,"[4.         4.66666667 4.44444444 4.14285714 4.5        4.15384615
 4.         3.5        4.         4.125      4.         5.
 4.         4.         4.6        0.         4.33333333 0.
 0.         0.        ]",4.113636363636363,44
273,274,"[3.20425532 3.30769231 3.09243697 3.10364465 3.10948905 3.12149533
 3.42056075 3.23369565 3.3956044  3.25474255 3.16588785 3.37037037
 3.23544974 3.625      3.28947368 3.5        3.17741935 3.45652174
 3.875      0.        ]",3.2149489322191274,1077
274,275,"[4.         3.90909091 3.84615385 4.05487805 4.1875     4.07317073
 4.17222222 4.11111111 4.40322581 4.34693878 3.33333333 4.625
 3.875      4.66666667 4.         4.38461538 0.         4.25
 4.8        0.        ]",4.130434782608695,322
275,276,"[4.15384615 4.2        3.9        4.33333333 3.5        4.2
 4.85714286 4.625      0.         4.75       4.         5.
 5.         5.         4.33333333 0.         5.         0.
 0.         0.        ]",4.333333333333333,33
276,277,"[3.625      4.         3.33333333 3.41666667 3.5        3.
 3.5        3.7        3.         3.85714286 0.         5.
 4.         0.         3.         0.         0.         0.
 0.         0.        ]",3.590909090909091,22
277,278,"[3.         5.         3.         3.45454545 0.         3.33333333
 4.35714286 0.         4.         3.         3.         3.75
 0.         5.         3.         0.         0.         3.
 0.         0.        ]",3.78125,16
278,279,"[3.8        2.5        2.66666667 3.47058824 3.31818182 3.1
 3.68269231 3.71126761 3.64634146 3.71929825 4.1875     3.55263158
 3.92682927 3.55555556 2.         0.         3.60714286 5.
 3.5        0.        ]",3.6631205673758864,141
279,280,"[3.72       4.21428571 3.875      3.58602151 3.8        3.87903226
 4.16153846 3.75       4.18421053 4.33333333 4.25       4.0625
 3.5        4.2        4.04545455 5.         4.16666667 0.
 0.         0.        ]",3.8152866242038215,157
280,281,"[3.5    2.5    2.25   3.4375 4.25   3.     3.     3.     2.5    1.25
 0.     1.     0.     4.5    2.75   0.     4.25   0.     0.     0.    ]",3.176470588235294,17
281,282,"[4.11842105 4.42857143 4.35294118 3.91071429 4.23809524 3.96428571
 4.2032967  3.96808511 4.10869565 3.98       4.125      3.97222222
 4.23809524 4.25       4.33333333 3.33333333 4.1        4.33333333
 0.         0.        ]",4.057894736842106,190
282,283,"[4.         2.5        2.66666667 3.0952381  3.         3.
 3.75       4.         3.5        3.33333333 3.5        0.
 4.         5.         0.         0.         5.         0.
 0.         0.        ]",3.392857142857143,28
283,284,"[3.63157895 5.         4.         3.72093023 3.5        3.70588235
 3.5        3.55172414 3.27272727 3.6        0.         4.
 4.         5.         5.         0.         2.         3.66666667
 0.         0.        ]",3.6857142857142855,70
284,285,"[0.         0.         0.         3.65       0.         3.78571429
 4.02272727 3.5        4.25       4.1875     4.         4.33333333
 0.         4.         3.5        0.         0.         0.
 0.         0.        ]",3.9310344827586206,29
285,286,"[3.61764706 4.5        4.1875     3.46774194 3.64285714 3.31578947
 3.92045455 3.65217391 3.93181818 4.01724138 4.33333333 4.08333333
 3.27272727 4.125      4.         0.         3.5        3.
 5.         0.        ]",3.788235294117647,85
286,287,"[2.57407407 1.8125     1.53571429 2.70338983 2.80952381 2.64814815
 3.14705882 1.97222222 2.94444444 2.42857143 1.83333333 2.44444444
 2.375      3.         2.5625     4.25       2.5        1.
 0.         0.        ]",2.69672131147541,122
287,288,"[3.13443396 3.25409836 3.136      3.14626866 3.17857143 3.18661972
 3.26539589 3.00773196 3.36979167 3.00558659 2.64705882 2.98305085
 3.08391608 3.26530612 3.21276596 3.5        3.5625     3.11290323
 3.9        0.        ]",3.123815165876777,844
288,289,"[3.5        3.5        3.5        3.77777778 4.         2.875
 4.07142857 3.125      4.         3.5        4.         0.
 3.25       4.25       3.5        3.5        0.         3.5
 0.         0.        ]",3.736842105263158,19
289,290,"[4.33333333 4.14285714 4.3        4.         4.08333333 4.31578947
 4.26153846 4.14285714 4.25641026 3.97368421 3.77777778 4.20833333
 3.94117647 4.55555556 4.4        4.2        4.         4.6
 4.33333333 0.        ]",4.149532710280374,214
290,291,"[4.13043478 3.6        3.83333333 3.25       4.07142857 5.
 3.66666667 4.16666667 4.5        4.2        0.         4.66666667
 4.28571429 4.         0.         0.         4.54545455 0.
 0.         0.        ]",4.16,25
291,292,"[3.65328467 3.62162162 3.61111111 3.15983607 3.49074074 3.275
 3.10504202 3.49147727 3.28431373 3.33035714 2.65384615 3.23913043
 3.47126437 3.8        3.5        2.75       3.69512195 3.1875
 0.         0.        ]",3.3081232492997197,357
292,293,"[2.66666667 2.5        2.5        2.28571429 2.5        3.
 3.         2.66666667 3.         2.71428571 3.         3.
 3.         3.         2.         0.         0.         0.
 3.         0.        ]",2.6470588235294117,17
293,294,"[2.44444444 2.76923077 2.09302326 2.57028112 2.8372093  2.36734694
 2.81578947 2.54255319 2.83333333 2.59183673 3.33333333 2.75
 2.67391304 3.44444444 2.64285714 4.         0.         2.44444444
 3.         0.        ]",2.5885714285714285,350
294,295,"[2.92857143 0.         4.5        3.5        5.         4.5
 3.89473684 3.09375    3.8        3.35294118 0.5        4.08333333
 2.75       5.         0.         0.         5.         0.
 3.5        0.        ]",3.484848484848485,33
295,296,"[2.57142857 4.66666667 5.         4.75       3.9        5.
 4.70833333 3.22222222 4.9        4.75       0.         5.
 2.41666667 4.7        0.         4.5        3.         0.
 0.         0.        ]",4.068181818181818,22
296,297,"[2.         0.         0.         3.4        0.         2.
 3.04761905 2.33333333 3.40909091 2.62962963 2.2        2.81818182
 1.71428571 2.5        0.         0.         3.         0.
 2.         0.        ]",2.706896551724138,58
297,298,"[2.5380117  2.87209302 1.74       2.21921182 2.30319149 1.96923077
 2.50182482 2.51458333 2.67757009 2.49333333 2.12962963 2.60227273
 2.72641509 2.69444444 2.54166667 2.8125     2.375      2.6875
 3.5        0.        ]",2.369507323568575,751
298,299,"[3.5        0.         3.         4.         2.5        3.
 4.25       3.66666667 3.5        3.57142857 3.8        2.
 3.5        4.         0.         0.         0.         0.
 0.         0.        ]",3.611111111111111,18
299,300,"[5.         0.         0.         4.4        0.         4.5
 4.32608696 4.16666667 4.25       4.3125     3.5        3.625
 4.5        4.625      0.         0.         4.5        3.5
 4.         0.        ]",4.326923076923077,26
300,301,"[3.13043478 3.6        3.05555556 3.359375   3.36363636 3.41666667
 3.77906977 2.72       3.86666667 3.21212121 0.83333333 3.41666667
 2.88461538 2.625      3.25       0.         2.91666667 4.5
 0.         0.        ]",3.3516483516483517,91
301,302,"[4.         0.         0.         4.4        0.         4.
 4.30769231 3.8        4.25       3.8        0.         3.5
 4.25       4.         0.         0.         0.         3.
 0.         0.        ]",4.076923076923077,26
302,303,"[4.13888889 0.         0.         3.58333333 3.         3.
 3.25       4.22916667 3.         4.16666667 3.5        3.75
 4.31034483 3.         0.         0.         0.         0.
 0.         0.        ]",3.9166666666666665,42
303,304,"[4.06122449 3.88888889 3.78947368 3.69354839 3.61904762 3.77272727
 3.94117647 3.8358209  3.63636364 3.7826087  3.14285714 3.57142857
 4.1025641  4.27272727 3.6        0.         5.         3.66666667
 0.         0.        ]",3.832369942196532,173
304,305,"[3.688      3.91176471 3.55555556 4.06870229 3.5462963  3.86842105
 3.98387097 3.84429825 4.11885246 3.88190955 3.95       3.75
 3.76811594 4.38235294 4.25       0.         3.41304348 4.5
 4.25       0.        ]",3.9252767527675276,542
305,306,"[3.44230769 3.5        3.40384615 3.42857143 3.09375    3.3
 2.72727273 3.42857143 4.07142857 2.86363636 2.97058824 3.25
 3.3125     0.         3.41666667 0.         3.33333333 3.
 0.         0.        ]",3.2888888888888888,90
306,307,"[3.06355932 3.3        2.73684211 2.50857843 2.98780488 2.64965986
 2.91941392 2.87698413 2.99553571 2.69836957 2.08181818 2.86507937
 2.86567164 3.26923077 2.9047619  2.6        3.46428571 3.41666667
 3.5        0.        ]",2.6493589743589743,780
307,308,"[3.32432432 3.23529412 3.15       2.59615385 3.63888889 2.97222222
 2.41891892 2.05357143 1.38235294 1.47058824 0.66666667 1.4
 2.96153846 1.16666667 3.25       2.         4.         0.
 0.         0.        ]",2.5,92
308,309,"[3.96875    0.         3.66666667 3.9375     3.33333333 3.70833333
 3.81967213 4.         3.875      3.575      2.875      3.31818182
 3.25       4.06666667 4.5        0.         2.5        4.3
 3.75       0.        ]",3.8109756097560976,82
309,310,"[3.13636364 4.         4.         3.25       3.5        3.39285714
 3.76315789 2.85714286 2.88888889 2.71428571 0.         3.25
 3.         4.625      5.         4.         0.         3.5
 0.         0.        ]",3.4313725490196076,51
310,311,"[3.16666667 3.         3.         1.35       1.66666667 1.8125
 2.36363636 2.4        2.5        3.25       4.         0.
 3.16666667 1.75       2.         0.         3.5        2.75
 0.         0.        ]",2.3636363636363638,22
311,312,"[3.75       0.         4.         3.44736842 3.91666667 3.73684211
 3.87671233 3.50943396 3.72727273 3.46875    3.39344262 3.53571429
 3.58208955 4.27777778 3.25       5.         4.         4.
 4.25       0.        ]",3.6853932584269664,178
312,313,"[3.4        3.3        2.29411765 3.02564103 3.29166667 3.5862069
 3.64864865 3.47107438 3.625      3.65263158 3.75       3.52380952
 3.39583333 3.77777778 2.6        0.         0.         2.5
 3.25       0.        ]",3.4669117647058822,272
313,314,"[2.90322581 3.14285714 3.2        3.04878049 3.22222222 3.34782609
 3.32432432 2.80487805 2.83333333 2.61290323 2.75       3.
 3.04761905 3.5        3.2        0.         3.66666667 2.75
 0.         0.        ]",3.0,102
314,315,"[3.14285714 3.         3.         3.14285714 3.         4.
 3.69230769 3.         0.         2.5        2.5        0.
 2.75       3.66666667 3.         0.         0.         3.
 0.         0.        ]",3.3076923076923075,26
315,316,"[2.6        2.16666667 2.4        3.13888889 2.9        2.58333333
 3.07142857 2.77777778 3.         3.1        3.1875     3.25
 3.6        0.         2.625      3.         0.         0.
 3.5        0.        ]",3.0595238095238093,42
316,317,"[2.94117647 3.         3.         3.59259259 3.33333333 3.94736842
 3.74747475 3.6        3.92307692 3.69117647 3.5        3.83333333
 3.5        3.69230769 4.         3.25       3.5        2.
 3.66666667 0.        ]",3.662251655629139,151
317,318,"[3.54635762 3.75657895 3.64655172 3.81924883 3.56976744 3.70588235
 3.82628399 3.55       3.78440367 3.64193548 3.36956522 3.69166667
 3.54924242 3.859375   3.59615385 3.95       3.54901961 3.85714286
 3.85714286 4.25      ]",3.755334281650071,703
318,319,"[4.27272727 4.375      4.33333333 4.0625     4.2        4.27777778
 4.46875    4.4        4.75       4.66666667 0.         4.75
 4.35714286 4.5        4.16666667 0.         4.5        0.
 0.         0.        ]",4.375,28
319,320,"[3.58333333 3.625      3.5        3.625      3.75       0.
 2.66666667 3.46153846 3.5        3.25       4.         0.
 3.64285714 0.         0.         4.         4.         0.
 0.         0.        ]",3.46875,16
320,321,"[3.72727273 3.5        3.16666667 3.52173913 3.6        3.64285714
 3.86666667 3.69230769 3.75       3.66666667 3.5        3.
 3.75       4.         3.5        0.         4.         0.
 0.         0.        ]",3.577777777777778,45
321,322,"[3.40625    2.66666667 3.1        3.36842105 3.08333333 3.34375
 3.45945946 3.39473684 3.47368421 3.72727273 3.33333333 4.
 3.15       4.         2.75       4.         3.25       0.
 3.5        0.        ]",3.4069767441860463,86
322,323,"[3.15625    3.7        3.33333333 3.11904762 3.08333333 3.25
 3.21052632 3.         3.30769231 3.15       2.875      3.2
 2.82352941 3.7        3.83333333 0.         2.91666667 2.5
 0.         0.        ]",3.128205128205128,78
323,324,"[3.33333333 0.         0.         3.11111111 3.         3.25
 3.         4.         3.4        3.         0.         0.
 3.5        0.         0.         0.         0.         0.
 0.         0.        ]",3.0588235294117645,17
324,325,"[3.33333333 3.25       3.33333333 3.31111111 3.5        3.10714286
 3.81521739 3.1        3.84444444 3.45205479 3.71428571 3.65217391
 3.48387097 3.66666667 3.14285714 2.         0.         3.5
 4.5        0.        ]",3.5231481481481484,216
325,326,"[4.04761905 0.         0.         3.75       3.35714286 4.11764706
 4.08163265 4.03333333 4.15151515 4.0375     3.66666667 3.
 4.5        4.35       5.         5.         3.33333333 4.5
 3.         0.        ]",4.0,122
326,327,"[3.         3.125      3.8        4.27272727 3.5        4.6875
 4.18181818 3.33333333 3.54545455 3.6        3.16666667 4.
 4.25       5.         2.         0.         3.5        5.
 0.         0.        ]",4.078947368421052,38
327,328,"[3.16891892 3.2        3.21590909 3.3        3.45348837 3.06818182
 3.1875     3.0390625  3.17857143 3.04347826 3.33333333 2.86111111
 2.88571429 3.5        3.075      3.         2.75       2.64285714
 2.         0.        ]",3.198529411764706,204
328,329,"[2.75       0.         0.         3.         2.75       0.
 3.875      0.5        2.45       3.33333333 3.5        2.66666667
 0.         3.         5.         0.         0.         0.
 3.         0.        ]",2.9722222222222223,18
329,330,"[3.67       3.95833333 3.8        3.73026316 3.73333333 3.67857143
 3.80487805 3.48360656 3.71052632 3.52       4.         3.97058824
 3.45918367 3.75       3.95833333 0.         3.42857143 4.125
 0.         0.        ]",3.6818181818181817,198
330,331,"[3.48       3.375      3.09090909 3.69565217 3.38636364 3.52380952
 4.16101695 3.3490566  3.98484848 3.79268293 3.85714286 3.65
 3.33333333 3.66666667 3.5        2.5        3.63636364 5.
 5.         0.        ]",3.671641791044776,134
331,332,"[3.44642857 3.77777778 3.85       3.56603774 3.28846154 3.60714286
 3.76732673 3.39247312 3.81632653 3.52857143 3.63636364 3.9
 3.24107143 3.78571429 3.66666667 0.         3.39473684 3.
 3.66666667 0.        ]",3.5794392523364484,214
332,333,"[2.2        2.         1.5        2.5        1.         3.66666667
 3.28571429 3.         3.         1.33333333 2.         0.
 1.5        3.         0.         0.         0.         4.
 0.         0.        ]",2.5,20
333,334,"[3.5        3.68181818 3.625      3.5        3.5625     3.58333333
 3.39772727 3.42307692 3.3125     3.08333333 2.9375     2.95833333
 3.5        3.         3.22222222 0.         3.5        3.5
 0.         0.        ]",3.386178861788618,123
334,335,"[4.66666667 0.         0.         3.13636364 0.         4.125
 4.08333333 4.5        4.08333333 4.4375     3.5        5.
 4.         3.5        0.         0.         0.         4.
 0.         0.        ]",3.772727272727273,22
335,336,"[4.14285714 3.875      4.33333333 4.03125    4.         4.14285714
 4.34782609 4.26470588 4.36666667 4.33333333 4.5        4.5
 5.         4.16666667 2.5        0.         4.         5.
 4.         0.        ]",4.266666666666667,45
336,337,"[4.30769231 4.         4.2        3.73333333 4.5        4.375
 4.17857143 4.5        4.11111111 4.36       4.         4.5
 4.55555556 4.33333333 4.         0.         0.         4.
 0.         0.        ]",4.209677419354839,62
337,338,"[2.27777778 1.5        2.         2.66666667 2.66666667 2.75
 3.88461538 2.25       4.375      3.75       0.         3.5
 1.85714286 3.66666667 0.         2.         2.5        0.
 0.         0.        ]",2.967741935483871,31
338,339,"[3.76119403 4.14285714 3.82352941 4.         3.31481481 4.17567568
 4.24022346 3.71710526 4.34259259 4.24747475 4.2        4.27142857
 4.02777778 4.25       3.5        4.33333333 3.32142857 4.16666667
 4.5        0.        ]",4.090909090909091,297
339,340,"[4.55555556 4.         4.         3.75       4.         3.5
 4.375      4.16666667 4.14285714 4.27272727 4.         4.
 4.5        3.         4.         0.         4.5        5.
 0.         0.        ]",4.2727272727272725,22
340,341,"[3.86666667 4.         3.66666667 3.67241379 3.91666667 3.8
 3.85714286 3.8        3.91666667 3.77777778 4.         0.
 3.5        4.5        3.         0.         4.         3.5
 0.         0.        ]",3.75,42
341,342,"[3.1        3.         2.375      2.88888889 2.4        2.77777778
 2.94444444 3.1        3.14285714 3.1875     2.75       3.
 2.75       0.         0.         0.         0.         2.
 0.         0.        ]",2.943396226415094,53
342,343,"[3.81818182 3.         3.75       3.75       3.7        3.91666667
 4.05769231 3.625      4.05555556 4.16666667 3.625      3.625
 3.71428571 5.         0.         4.5        0.         0.
 4.         0.        ]",3.978723404255319,47
343,344,"[4.30952381 4.58333333 4.4        4.06666667 4.1875     3.75
 3.31818182 4.20833333 3.64285714 3.28571429 1.75       2.77777778
 4.21428571 4.5        4.5        0.         3.83333333 4.5
 1.5        0.        ]",3.727272727272727,55
344,345,"[3.75       0.         0.         3.9047619  4.16666667 4.
 3.98148148 3.83333333 3.75       3.92857143 3.88888889 3.83333333
 3.875      4.25       5.         0.         0.         0.
 0.         0.        ]",3.94,50
345,346,"[3.2        0.         0.         3.36206897 3.5        3.80952381
 3.72340426 3.34615385 3.62068966 3.60526316 3.875      3.7
 3.25       3.9        3.5        4.         0.         0.
 3.7        0.        ]",3.6526717557251906,131
346,347,"[3.57142857 4.         3.75       3.57142857 3.5        3.7
 3.57142857 3.38461538 3.         3.53846154 4.         3.
 3.375      3.33333333 4.         0.         4.         3.
 0.         0.        ]",3.5,36
347,348,"[4.55555556 0.         0.         4.6        4.83333333 4.83333333
 4.66666667 4.57142857 4.76315789 4.80769231 5.         4.57142857
 4.83333333 4.6        4.5        4.         4.75       4.
 0.         0.        ]",4.625,44
348,349,"[3.42857143 4.         4.         3.7        3.         4.
 3.82352941 3.83333333 4.         3.9        4.         0.
 3.         4.         4.         0.         4.         3.5
 0.         0.        ]",3.7666666666666666,30
349,350,"[3.38461538 3.         3.         3.14285714 3.         3.16666667
 3.2        3.35714286 3.         3.28571429 0.         3.5
 3.77777778 0.         3.         0.         0.         0.
 0.         0.        ]",3.28125,32
350,351,"[3.63636364 3.5        2.875      3.47826087 3.25       3.64285714
 3.80555556 3.57142857 4.01785714 3.6        3.225      3.58823529
 3.58333333 4.1        4.         0.         3.33333333 0.
 0.         0.        ]",3.650442477876106,113
351,352,"[3.7972973  3.7        3.4375     3.30434783 3.671875   3.56896552
 3.95360825 3.57368421 3.73255814 3.796875   3.89393939 4.09677419
 3.80921053 4.7        3.16666667 0.         3.97058824 3.5
 3.         0.        ]",3.7808510638297874,235
352,353,"[3.21428571 4.         3.71428571 3.39285714 3.5        3.15384615
 3.8        3.16       4.         3.82142857 4.25       3.75
 3.         3.5        3.66666667 5.         4.         3.4
 0.         0.        ]",3.5277777777777777,72
353,354,"[3.48113208 3.14285714 3.5        3.61320755 3.625      3.86363636
 3.87681159 3.68902439 3.98684211 3.71527778 3.73076923 3.88888889
 3.66304348 3.7        3.75       3.66666667 2.75       3.75
 0.         0.        ]",3.7430939226519335,181
354,355,"[3.77777778 3.         3.         3.58333333 3.         4.
 3.66666667 4.         3.         4.         0.         0.
 4.         3.         5.         0.         0.         4.
 0.         0.        ]",3.761904761904762,21
355,356,"[3.9        4.125      4.38888889 4.03900709 3.71428571 4.04464286
 4.04132231 3.80612245 4.09459459 3.94047619 3.75       4.
 4.         4.15       4.3125     0.         3.8        4.25
 4.25       0.        ]",3.9935064935064934,231
356,357,"[3.9673913  3.9047619  3.93055556 3.80827068 3.925      3.86781609
 4.06418919 3.9        3.89285714 3.94680851 4.05263158 4.11363636
 3.83333333 4.07692308 3.890625   4.28947368 4.19230769 3.71428571
 3.75       0.        ]",3.9526143790849675,306
357,358,"[2.7        0.         0.         2.95833333 4.         3.91666667
 3.65217391 2.         0.5        2.2        2.5        3.25
 3.83333333 2.75       4.         1.         3.5        0.
 0.         0.        ]",3.3484848484848486,33
358,359,"[3.13888889 3.5        3.5        3.02777778 3.2        3.69230769
 3.81666667 2.83333333 3.71428571 3.34210526 2.5        3.625
 2.96428571 4.5        3.5        0.         3.5        3.16666667
 0.         0.        ]",3.3813559322033897,59
359,360,"[0.         0.         1.         2.         5.         2.
 3.6        3.25       4.5        3.46666667 1.         4.
 1.75       5.         0.         0.         0.         0.
 5.         0.        ]",3.3,20
360,361,"[3.1        2.9        2.625      3.35714286 3.21428571 3.07142857
 3.24074074 3.29411765 3.1        3.23809524 2.5        3.5
 2.75       3.3        3.         0.         3.875      0.
 2.         0.        ]",3.2051282051282053,78
361,362,"[4.18421053 4.         4.         4.09090909 4.38888889 4.08333333
 4.35555556 4.15       4.34722222 4.24358974 4.31818182 4.16666667
 4.1875     4.5        4.25       0.         3.83333333 4.75
 4.5        0.        ]",4.235632183908046,87
362,363,"[2.625      2.         2.         3.55555556 2.75       3.6
 3.55       2.875      3.875      3.08333333 2.5        4.
 2.5        0.         0.         0.         0.         0.
 0.         0.        ]",3.2708333333333335,24
363,364,"[4.375      4.         4.         5.         5.         3.5
 4.2        4.2        5.         4.30769231 0.         3.66666667
 4.         0.         3.         0.         0.         0.
 0.         0.        ]",4.235294117647059,17
364,365,"[2.67241379 2.5        2.5        3.01271186 2.86206897 2.67948718
 2.65714286 2.77857143 2.77777778 2.15714286 2.25       2.
 2.71212121 3.0625     2.5        0.5        2.73913043 3.5
 0.         0.        ]",2.765765765765766,222
365,366,"[4.11111111 3.75       4.         3.375      4.375      0.
 4.22222222 3.91666667 4.05555556 4.         0.         4.
 3.9        4.25       0.         0.         4.14285714 0.
 3.         0.        ]",4.0,25
366,367,"[4.2173913  3.83333333 4.23809524 3.69620253 3.93333333 3.81395349
 4.02941176 4.13333333 4.33333333 4.16666667 4.125      4.
 4.25       4.         3.5        0.         4.         3.66666667
 0.         0.        ]",3.8783783783783785,148
367,368,"[2.85542169 0.         2.         2.8030303  2.47619048 2.87804878
 3.10810811 2.68599034 2.88888889 2.85326087 2.77142857 2.89189189
 2.79104478 3.08695652 2.8        0.         0.         2.92307692
 3.25       0.        ]",2.864,375
368,369,"[3.19047619 3.83333333 2.75       3.43877551 3.1        3.3
 3.6        3.22580645 3.52941176 3.52       3.5        3.75
 3.2826087  3.4        3.05555556 3.25       3.5        3.
 0.         0.        ]",3.3689320388349513,103
369,370,"[3.28       3.4        3.25       3.70967742 3.375      3.60714286
 3.72222222 3.39655172 3.57894737 3.57142857 3.75       4.
 2.91666667 3.5        0.         3.5        2.875      0.
 2.         0.        ]",3.554054054054054,74
370,371,"[4.59375    4.72222222 4.16666667 4.4        4.54166667 4.8
 4.83333333 4.54166667 4.4        4.72222222 4.625      4.625
 4.90909091 0.         4.         0.         4.75       0.
 5.         0.        ]",4.590909090909091,33
371,372,"[3.47368421 2.63636364 2.84210526 3.26315789 3.35714286 3.55882353
 3.25252525 3.65909091 3.4516129  3.44230769 3.61538462 3.66666667
 3.48       3.6875     2.90909091 3.         3.66666667 3.25
 2.66666667 0.        ]",3.3439153439153437,189
372,373,"[2.375      4.4        3.         2.64       3.18181818 3.
 3.70588235 2.52173913 3.42857143 3.40740741 3.75       3.57142857
 2.66666667 4.         5.         0.         2.         3.
 0.         0.        ]",3.1625,80
373,374,"[3.41666667 3.         3.         4.14285714 3.75       3.33333333
 3.875      3.5        3.6        3.76923077 4.2        5.
 3.75       4.33333333 3.         0.         3.         3.
 0.         0.        ]",3.6153846153846154,26
374,375,"[4.         3.16666667 3.375      4.05555556 3.         3.9375
 4.41666667 3.77777778 4.25       3.875      5.         5.
 3.8        4.5        3.         0.         3.         0.
 0.         0.        ]",3.980769230769231,26
375,376,"[4.08108108 4.3125     4.1        3.86666667 4.05555556 3.85294118
 4.14285714 4.13559322 4.31578947 4.2804878  3.41666667 4.45
 4.13636364 4.27777778 3.5        0.         4.35714286 5.
 4.         0.        ]",4.113207547169812,106
376,377,"[4.26190476 4.         3.5        3.52564103 3.97058824 3.72727273
 4.14102564 3.9375     3.83333333 4.         3.92307692 4.71428571
 4.18571429 4.0625     3.375      5.         4.5        3.75
 0.         0.        ]",3.942857142857143,105
377,378,"[4.04545455 4.25       4.25       4.08333333 4.25       3.5
 3.9375     3.82142857 4.         3.86666667 4.5        4.4
 4.16666667 3.5        0.         0.         4.5        3.
 0.         0.        ]",4.0,38
378,379,"[3.85714286 3.         4.         3.         2.         3.5
 4.07142857 3.33333333 2.875      3.33333333 3.         3.
 3.66666667 4.25       3.         0.         4.         5.
 0.         0.        ]",3.413793103448276,29
379,380,"[3.77056962 3.92635659 3.62411348 3.64686469 3.65142857 3.52
 3.76666667 3.70876827 3.72485207 3.57671233 3.528125   3.56
 3.8011811  4.03571429 3.85714286 3.66666667 3.72222222 4.125
 5.         4.        ]",3.6878850102669403,974
380,381,"[3.51       3.89285714 3.58860759 3.44345238 3.55681818 3.73913043
 3.86016949 3.41666667 3.65714286 3.5297619  3.20588235 3.52
 3.36875    4.07142857 3.76       3.5        3.52777778 3.25
 0.         0.        ]",3.554089709762533,379
381,382,"[3.74       3.64814815 3.8        3.11046512 3.72222222 3.68604651
 4.16981132 3.45714286 3.68333333 3.64393939 2.92857143 3.95
 3.5        4.         4.25       0.         4.09259259 4.16666667
 0.         0.        ]",3.523605150214592,233
382,383,"[3.         0.         0.         3.6        0.         3.83333333
 3.94736842 3.33333333 3.33333333 3.33333333 3.         3.33333333
 3.5        4.5        0.         0.         0.         0.
 0.         0.        ]",3.7037037037037037,27
383,384,"[3.88888889 4.         3.5        2.92       3.66666667 3.11111111
 2.86956522 2.45454545 3.66666667 3.125      2.         3.
 2.875      3.66666667 0.         0.         0.         2.5
 0.         0.        ]",2.9642857142857144,56
384,385,"[3.54285714 3.44444444 3.         3.37735849 3.35294118 3.09677419
 3.36111111 3.4        3.48       3.22857143 3.4        3.25
 3.61538462 4.1        3.23076923 3.5        5.         3.3
 3.         0.        ]",3.4037267080745344,161
385,386,"[2.66666667 0.         3.33333333 2.9375     2.         3.
 2.8        2.42424242 2.5625     2.62962963 3.33333333 2.8
 2.41666667 3.         0.         0.         0.         4.
 0.         0.        ]",2.7222222222222223,54
386,387,"[3.20394737 3.45238095 2.84615385 2.96271186 3.1744186  3.20434783
 3.52513966 3.17732558 3.440625   3.38841202 3.05952381 3.5326087
 3.33018868 3.62903226 3.02777778 3.625      3.42857143 3.13157895
 4.         0.        ]",3.256394640682095,821
387,388,"[4.08333333 4.04166667 3.78571429 3.94444444 3.83333333 3.5
 1.         4.16666667 3.75       2.75       0.         2.
 2.         0.         3.         0.         5.         0.
 0.         0.        ]",3.5217391304347827,23
388,389,"[4.375      5.         5.         3.63636364 4.33333333 4.2
 4.28571429 4.         3.         4.11111111 0.         4.
 4.5        0.         0.         0.         0.         0.
 0.         0.        ]",4.0,27
389,390,"[4.08333333 4.41666667 3.83333333 3.19230769 4.14285714 3.93333333
 3.81914894 3.625      3.5625     4.04166667 4.         4.1
 3.90909091 4.375      3.         4.75       0.         3.5
 0.         0.        ]",3.8076923076923075,65
390,391,"[3.31481481 3.91666667 3.92307692 3.73684211 4.05       3.87692308
 3.89285714 3.16901408 3.67857143 3.34831461 2.93333333 3.83333333
 3.29268293 3.94736842 3.875      4.5        3.5        3.4
 4.8        0.        ]",3.6893203883495147,309
391,392,"[3.6        0.         0.         3.22222222 4.         2.8
 2.875      3.33333333 2.25       2.8        3.         0.
 2.66666667 0.         0.         0.         0.         0.
 0.         0.        ]",3.05,20
392,393,"[4.3452381  4.25       4.         3.71875    4.83333333 3.
 3.67741935 3.84745763 3.67391304 3.69       3.9        3.26666667
 3.80232558 4.5        5.         5.         4.20588235 0.
 0.5        0.        ]",3.8622448979591835,98
393,394,"[2.16666667 2.         2.33333333 2.5        2.5        3.
 3.6        3.         3.5        3.57142857 0.         5.
 2.         5.         2.         0.         0.         3.
 0.         0.        ]",3.0,18
394,395,"[3.05555556 2.83333333 2.52941176 3.31578947 3.         3.16666667
 2.85714286 3.42105263 3.6        3.5        0.         4.5
 3.625      3.         2.8        0.         3.         3.5
 0.         0.        ]",3.1020408163265305,49
395,396,"[3.5        3.91666667 3.91666667 3.4        3.16666667 3.1
 3.75       1.91666667 3.4        2.5625     0.5        2.4
 1.25       0.         3.5        0.         0.         0.
 0.         0.        ]",3.0681818181818183,22
396,397,"[4.         0.         2.         3.55555556 0.         4.6
 4.27272727 4.25       3.75       4.16666667 0.         3.83333333
 4.         4.         0.         0.         0.         0.
 0.         0.        ]",3.861111111111111,18
397,398,"[4.45833333 4.66666667 5.         4.20833333 4.63636364 4.27777778
 4.22222222 3.92857143 3.3        2.91666667 3.5        3.2
 3.64285714 0.         5.         4.75       3.         0.
 0.         0.        ]",4.135135135135135,37
398,399,"[4.35294118 4.25       4.25       4.4375     4.25       3.
 3.6        3.75       3.2        3.57142857 4.5        2.5
 3.95       3.5        0.         0.         2.5        0.
 0.         0.        ]",3.896551724137931,29
399,400,"[4.22727273 4.5        4.5        4.33333333 4.25       4.5
 4.63157895 4.5        4.82142857 4.95       4.5        4.7
 4.41666667 4.5        0.         0.         4.625      0.
 0.         0.        ]",4.573529411764706,34
400,401,"[3.55263158 3.56976744 3.57692308 3.45588235 3.5        3.60714286
 3.55555556 3.60714286 3.5        4.25       4.5        3.5
 3.85       3.5        3.5        0.         3.65       3.5
 0.         0.        ]",3.5258620689655173,58
401,402,"[4.1        4.         4.         3.66666667 3.         3.71428571
 3.8        4.11111111 4.         4.16666667 5.         3.
 4.         4.         3.5        0.         4.         0.
 0.         0.        ]",3.8684210526315788,38
402,403,"[3.16666667 3.         3.         3.55       3.5        3.58333333
 4.03846154 3.5        4.07142857 3.625      3.5        3.
 3.3        3.5        0.         0.         3.5        4.
 0.         0.        ]",3.685185185185185,27
403,404,"[3.44444444 3.5        3.66666667 3.38888889 3.         3.4
 3.375      3.33333333 3.375      3.375      3.33333333 3.
 3.33333333 3.33333333 3.5        0.         3.         3.33333333
 0.         0.        ]",3.3958333333333335,48
404,405,"[3.86363636 3.5        0.         3.77272727 3.85       4.
 4.03030303 4.02380952 4.0862069  4.1969697  3.9        4.23913043
 3.89473684 4.16666667 3.         0.         4.5        3.5
 4.5        0.        ]",4.005208333333333,96
405,406,"[3.5        2.66666667 2.2        3.5        2.1        3.5
 3.5        2.83333333 0.         2.83333333 2.83333333 2.
 3.5        0.         2.5        0.         0.         0.
 0.         0.        ]",3.0625,16
406,407,"[4.33333333 3.5        3.5        3.5        4.75       0.
 4.07142857 4.04166667 3.625      3.92857143 0.         0.
 4.2        4.         0.         0.         4.         0.
 0.         0.        ]",4.111111111111111,18
407,408,"[4.1744186  5.         3.66666667 4.01282051 4.09090909 4.33333333
 4.24193548 4.046875   4.06       4.08064516 3.         4.
 3.87037037 4.28571429 3.83333333 3.5        4.0625     4.
 0.         0.        ]",4.088495575221239,113
408,409,"[3.8        0.         4.         3.68656716 4.         3.5
 3.78571429 3.72727273 4.25       3.46153846 3.22222222 2.5
 4.2        4.         4.         0.         0.         5.
 0.         0.        ]",3.702970297029703,101
409,410,"[3.5        4.         4.5        3.97222222 3.77777778 3.91428571
 4.13157895 3.25       4.08       4.05882353 5.         4.4
 3.5        4.42857143 4.5        4.5        0.         4.5
 4.33333333 0.        ]",4.097014925373134,134
410,411,"[3.66666667 3.75       3.75       3.07894737 3.42857143 2.78125
 3.32692308 3.39130435 3.45454545 3.62962963 3.66666667 3.25
 3.2        4.2        3.25       5.         4.5        3.66666667
 0.         0.        ]",3.303921568627451,102
411,412,"[3.81818182 2.         2.         3.74418605 3.57142857 4.13043478
 4.03333333 3.76923077 4.14285714 3.88235294 3.         4.23076923
 3.66666667 4.         1.         4.66666667 5.         5.
 4.8        0.        ]",3.9146341463414633,82
412,413,"[3.66666667 0.         0.         4.34615385 3.875      4.25
 4.54347826 4.7        4.96875    5.         5.         5.
 0.         5.         0.         0.         0.         3.75
 0.         0.        ]",4.444444444444445,45
413,414,"[3.42936288 3.75       3.35211268 3.2763466  3.45142857 3.39413265
 3.57872137 3.2847619  3.50447761 3.32324219 3.1039604  3.65833333
 3.39846743 3.90425532 3.38586957 3.69607843 3.75581395 3.57894737
 4.04545455 4.25      ]",3.4050046339202966,2158
414,415,"[4.         4.         4.         3.94230769 3.75       3.97058824
 4.27142857 3.95       4.43181818 4.28571429 4.33333333 4.3125
 3.9        4.5        3.5        4.5        4.         4.33333333
 4.2        0.        ]",4.08,75
415,416,"[1.64285714 0.5        1.16666667 3.30555556 3.4        2.75
 3.60416667 2.36363636 3.45       2.72727273 2.5        2.75
 2.4        3.625      0.5        0.         0.5        0.
 4.         0.        ]",3.073170731707317,41
416,417,"[4.5        4.         4.33333333 4.5        4.8125     4.5
 4.61428571 4.38461538 4.52941176 4.575      3.9        4.54545455
 4.375      4.33333333 0.         0.         4.         0.
 0.         0.        ]",4.4907407407407405,54
417,418,"[3.26       0.         1.875      3.2173913  3.21052632 3.53846154
 4.02439024 2.59375    3.8125     3.34210526 3.         3.54545455
 3.46666667 4.16666667 4.25       4.         3.38888889 3.5
 3.75       0.        ]",3.722972972972973,74
418,419,"[3.36666667 2.83333333 1.125      3.78       2.7        4.1
 3.825      3.775      4.10416667 3.93333333 3.875      3.95454545
 3.68181818 4.         2.16666667 4.375      4.2        0.
 2.5        0.        ]",3.810483870967742,124
419,420,"[3.86       3.75       3.71428571 3.83673469 3.86111111 4.02777778
 3.96078431 3.63461538 4.16666667 3.8        3.63636364 3.92857143
 3.7173913  3.85714286 4.14285714 3.58333333 3.75       0.
 4.         0.        ]",3.836283185840708,113
420,421,"[4.         3.         3.5        3.71428571 3.66666667 4.5
 4.39130435 3.25       4.75       4.33333333 5.         0.
 4.5        4.375      0.         0.         0.         3.
 0.         0.        ]",4.15,30
421,422,"[3.5        4.         3.         2.73684211 3.         3.44444444
 3.65714286 3.5625     3.85714286 3.         2.8        3.375
 2.91666667 3.9        0.         0.         0.         4.
 4.33333333 0.        ]",3.3378378378378377,74
422,423,"[2.75       0.         0.         3.625      3.5        3.5
 3.85714286 3.11111111 4.25       3.2        0.         3.5
 3.5        2.5        0.         0.         5.         4.
 0.         0.        ]",3.5833333333333335,18
423,424,"[2.875      4.66666667 4.5        3.43548387 4.         3.5
 3.7295082  3.42857143 3.74285714 3.79245283 4.06666667 3.8030303
 2.77777778 4.5        4.75       0.         3.5        0.
 3.83333333 0.        ]",3.640909090909091,110
424,425,"[3.38235294 3.16666667 3.13333333 3.30666667 3.5        3.35
 3.67171717 3.49056604 3.77678571 3.60824742 3.66666667 3.82
 3.38181818 3.76923077 3.07142857 0.         3.6        3.5
 3.5        0.        ]",3.536734693877551,245
425,426,"[4.         3.96428571 4.06666667 3.71875    4.05882353 3.95454545
 3.625      3.54545455 3.11111111 3.1        0.         3.33333333
 3.9375     0.         4.5        0.         4.4        0.
 0.         0.        ]",3.7214285714285715,70
426,427,"[2.9        2.         2.         2.8125     3.07142857 3.23076923
 3.25757576 3.10869565 3.45833333 3.04347826 1.91666667 3.6875
 2.8        3.83333333 1.         3.75       3.5        4.
 0.         0.        ]",3.08955223880597,67
427,428,"[2.34782609 2.79411765 1.86111111 2.39130435 2.7962963  2.86538462
 2.91549296 2.60784314 2.90625    2.86231884 2.734375   3.10714286
 2.625      3.125      2.9        4.25       2.875      2.5
 4.         0.        ]",2.63125,240
428,429,"[4.         4.66666667 4.2        3.76470588 4.5        4.13333333
 4.15789474 3.85714286 3.71428571 4.         4.         3.66666667
 3.6        5.         4.66666667 0.         5.         4.
 3.         0.        ]",3.9347826086956523,46
429,430,"[3.32352941 3.22222222 3.15       3.53125    3.16666667 3.6
 3.91304348 3.8        4.6        4.58333333 4.         4.6
 3.38461538 0.         0.         0.         0.         0.
 0.         0.        ]",3.6739130434782608,46
430,431,"[2.625      0.         0.         2.66666667 3.25       2.6
 3.25       2.78571429 4.5        3.5        0.         3.5
 1.66666667 3.25       0.         0.         0.         3.
 0.         0.        ]",2.9375,16
431,432,"[3.55102041 3.85714286 3.70588235 3.28571429 3.725      3.80769231
 3.8034188  3.4453125  3.42222222 3.49411765 4.         3.81034483
 3.51428571 3.8        4.5        0.         3.96428571 4.5
 0.         0.        ]",3.625,208
432,433,"[4.         0.         0.         4.625      0.         5.
 3.61538462 3.33333333 4.18181818 3.83333333 0.         3.6
 3.         2.75       0.         0.         3.75       2.
 0.         0.        ]",3.8055555555555554,18
433,434,"[3.73728814 4.14705882 3.625      3.63157895 3.70833333 3.43478261
 3.95833333 3.6369863  4.09090909 3.73015873 3.4        4.07142857
 3.7        3.875      4.         4.         3.29166667 3.
 0.         0.        ]",3.7688172043010755,186
434,435,"[4.08333333 4.         4.         4.14285714 3.5        4.125
 4.52631579 4.30769231 4.68181818 4.54166667 0.         4.3
 4.33333333 0.         4.         0.         4.4        3.75
 0.         0.        ]",4.338235294117647,34
435,436,"[3.23529412 3.85714286 3.52380952 2.95744681 3.36363636 3.26666667
 3.45454545 2.8        2.88888889 3.19047619 3.         3.5
 2.4        3.75       3.66666667 0.         3.5        3.
 0.         0.        ]",3.164705882352941,85
436,437,"[3.3125     0.         3.         3.76470588 4.         3.66666667
 3.92537313 3.27272727 3.85       3.27272727 0.         3.71428571
 3.6        4.36363636 0.         0.         4.         5.
 0.         0.        ]",3.7857142857142856,98
437,438,"[3.44140625 3.73214286 3.66666667 3.28536585 3.33333333 3.19158879
 3.40163934 3.40638298 3.3956044  3.45578231 3.07692308 3.47916667
 3.27717391 3.47826087 3.26923077 3.8125     4.         3.58333333
 4.5        0.        ]",3.3523622047244093,508
438,439,"[4.         4.         4.         4.33333333 4.16666667 3.5
 4.375      3.77777778 4.5        3.875      0.         0.
 3.625      4.33333333 0.         4.         3.5        0.
 0.         0.        ]",4.029411764705882,17
439,440,"[4.2        4.         4.         3.71428571 4.         4.125
 3.67857143 4.125      0.         3.85714286 4.16666667 3.
 4.19230769 0.         0.         0.         0.         3.5
 4.5        0.        ]",3.8846153846153846,26
440,441,"[4.6        4.75       4.5        4.75       4.64285714 4.25
 4.         4.71052632 4.5625     4.55555556 4.83333333 4.625
 4.5        0.5        0.         0.         4.66666667 0.
 0.         0.        ]",4.555555555555555,36
441,442,"[1.83333333 1.25       2.         1.75       0.         2.
 1.05       0.66666667 0.5        0.6        0.66666667 0.5
 1.         0.         0.         0.         0.         0.
 0.         0.        ]",1.21875,16
442,443,"[4.33333333 4.         4.         4.71428571 4.5        4.33333333
 4.10526316 3.4        3.8125     3.75       3.25       2.875
 3.65       4.75       0.         0.         3.4        0.
 0.         0.        ]",4.066666666666666,30
443,444,"[2.33333333 4.         4.         3.9        4.33333333 4.4
 4.11764706 3.45454545 4.         3.78571429 4.5        3.5
 3.2        4.66666667 4.         0.         4.         0.
 0.         0.        ]",3.7941176470588234,34
444,445,"[3.79166667 4.         4.         4.21052632 4.3125     3.95
 3.91891892 3.94444444 3.66666667 3.89130435 3.66666667 4.42857143
 4.1875     3.72222222 0.         0.         3.66666667 0.
 0.         0.        ]",3.975806451612903,62
445,446,"[2.92857143 3.25       3.42857143 3.04166667 3.28571429 3.11764706
 3.27586207 2.95238095 3.27272727 3.25       3.         3.66666667
 3.         3.5        3.25       0.         3.         3.
 0.         0.        ]",3.208955223880597,67
446,447,"[4.17647059 4.25       4.125      3.75       4.28571429 3.92857143
 4.         4.03846154 4.16666667 4.         3.66666667 3.66666667
 3.66666667 4.5        4.25       0.         4.         4.5
 0.         0.        ]",3.967741935483871,62
447,448,"[2.97859327 3.34459459 3.10377358 2.91493506 2.85080645 2.73280423
 2.95286885 2.73662551 2.95362903 2.73789174 2.16153846 2.90506329
 2.59429825 3.26829268 3.41       3.93333333 2.68055556 3.42857143
 3.66666667 0.5       ]",2.8440643863179074,1491
448,449,"[2.9        0.         2.         2.7        2.         2.5
 3.79166667 2.9375     3.7        3.35714286 0.         3.625
 2.5        3.66666667 0.         4.5        0.         2.5
 0.         0.        ]",3.2333333333333334,30
449,450,"[4.14285714 4.         4.         3.83333333 4.         4.
 4.14285714 4.33333333 4.2        4.         3.6        4.
 4.33333333 4.66666667 4.         0.         0.         4.
 0.         0.        ]",4.048780487804878,41
450,451,"[3.75       4.5        4.33333333 4.22222222 4.33333333 3.85714286
 4.         3.4        4.75       3.73333333 5.         4.5
 3.66666667 0.         4.         0.         0.         0.
 0.         0.        ]",3.888888888888889,27
451,452,"[4.32352941 4.66666667 4.66666667 4.70833333 4.33333333 4.46666667
 4.525      4.48295455 4.61290323 4.56060606 4.58823529 4.72222222
 4.4537037  5.         4.66666667 0.         0.         4.
 5.         0.        ]",4.552469135802469,162
452,453,"[3.90196078 4.85714286 4.57142857 4.08       3.85714286 3.95238095
 3.85869565 3.85526316 3.95918367 3.74647887 3.         3.52173913
 4.03333333 4.         4.6        4.         4.5        5.
 4.         0.        ]",3.9357429718875503,249
453,454,"[3.33333333 3.25       0.         3.71428571 3.         4.125
 3.725      3.75       3.81818182 3.83333333 3.81818182 3.91666667
 3.75       3.         0.         0.         0.         0.
 4.         0.        ]",3.763888888888889,36
454,455,"[3.11111111 3.         3.2        3.28571429 3.5        3.61538462
 3.69565217 3.07692308 3.36363636 3.36842105 4.         3.5
 2.75       4.         3.         0.         3.         3.66666667
 0.         0.        ]",3.4130434782608696,46
455,456,"[4.5        5.         4.         3.46666667 3.8        3.57142857
 4.         4.1        4.33333333 4.25       4.5        4.33333333
 4.33333333 0.         3.         0.         0.         0.
 0.         0.        ]",3.8529411764705883,34
456,457,"[3.8        3.5        3.5        3.38461538 4.66666667 4.25
 4.28571429 3.55       4.25       3.33333333 2.8        3.
 2.9375     5.         4.         0.         0.         1.
 0.         0.        ]",3.5,40
457,458,"[4.         4.         3.83333333 3.89473684 3.8        4.22222222
 4.40909091 4.21428571 4.         4.53333333 0.         4.
 4.2        4.66666667 3.5        0.         5.         3.
 0.         0.        ]",4.170212765957447,47
458,459,"[4.375      4.71428571 4.7        4.75       4.5        5.
 4.625      4.3        0.         4.375      0.         4.75
 4.07142857 4.5        0.         0.         3.75       5.
 0.         0.        ]",4.428571428571429,21
459,460,"[4.2173913  4.22222222 3.9        4.02631579 4.45454545 4.27777778
 4.28787879 4.22727273 4.30769231 4.15789474 3.66666667 4.45
 4.21875    4.66666667 4.5        0.         4.125      0.
 0.         0.        ]",4.174242424242424,66
460,461,"[1.2        0.         0.         4.3        4.         4.25
 3.66666667 1.07142857 3.         1.8125     4.         4.
 0.5        4.25       0.         0.         0.         4.5
 0.         0.        ]",2.977272727272727,22
461,462,"[2.69387755 2.875      2.1875     3.21551724 2.98275862 2.8255814
 3.4        2.72807018 3.60185185 3.17692308 3.45238095 3.14285714
 2.84146341 3.92       3.38888889 3.99090909 2.5625     4.
 3.8125     0.        ]",3.409340659340659,364
462,463,"[4.05555556 3.5        3.5        3.42857143 5.         3.6
 3.84615385 3.82142857 4.         3.8        3.66666667 0.
 3.875      3.72222222 3.5        3.5        4.         0.
 0.         0.        ]",3.7884615384615383,26
463,464,"[3.41025641 2.5        2.92857143 3.04347826 3.15       3.6
 4.22916667 3.43965517 4.10416667 3.55882353 3.75       4.45454545
 3.3        4.15384615 3.         0.         3.83333333 4.16666667
 0.         0.        ]",3.672727272727273,110
464,465,"[3.875      4.         4.         4.42857143 4.         4.21428571
 4.19148936 3.87878788 4.2        4.01851852 4.57142857 4.21052632
 3.9375     4.5        4.         0.         0.         4.25
 4.6        0.        ]",4.163043478260869,92
465,466,"[3.8902439  4.125      4.14285714 4.         4.07142857 3.86363636
 4.         3.76470588 3.71052632 3.90322581 4.25       4.
 3.76086957 4.1        3.5        0.         4.03125    0.
 0.         0.        ]",3.9277777777777776,90
466,467,"[2.         2.         2.         4.         0.         3.625
 3.85714286 3.         0.         2.5        0.         0.
 1.5        4.375      2.         0.         0.         3.
 0.         0.        ]",3.5555555555555554,18
467,468,"[3.57142857 5.         4.         3.42857143 3.66666667 4.5
 3.69230769 3.         2.75       3.18181818 4.         3.
 3.25       4.         5.         0.         5.         4.5
 0.         0.        ]",3.5,26
468,469,"[3.3372093  3.8        3.76923077 3.58778626 3.8125     3.62295082
 3.91823899 3.20661157 4.03225806 3.54464286 3.38709677 4.
 3.25581395 4.10526316 3.69230769 1.         0.         4.
 4.27272727 0.        ]",3.631720430107527,372
469,470,"[3.5625     3.         3.33333333 3.60869565 3.8        3.875
 3.71428571 3.72727273 3.38461538 3.54166667 3.         3.
 3.875      4.16666667 3.         0.         0.         4.
 0.         0.        ]",3.5625,64
470,471,"[3.55555556 3.91666667 3.91666667 3.95454545 4.4        3.9
 4.         3.68181818 4.         3.41666667 3.5        4.
 3.57142857 3.75       3.5        0.         3.625      0.
 0.         0.        ]",3.8181818181818183,22
471,472,"[4.33333333 0.         0.         3.83333333 3.625      3.5
 4.41666667 4.66666667 4.83333333 4.4        3.         5.
 3.83333333 0.         0.         0.         5.         0.
 0.         0.        ]",4.195652173913044,23
472,473,"[3.5        4.         2.5        2.82142857 3.14285714 3.375
 3.79411765 3.83333333 4.16666667 3.71428571 4.         4.
 3.6        0.         0.         3.5        0.         0.
 0.         0.        ]",3.3333333333333335,30
473,474,"[3.37745098 3.39393939 3.26635514 3.2        3.30672269 3.5
 3.53783784 3.20604396 3.47959184 3.49477352 3.13253012 3.49565217
 3.37295082 3.40229885 3.33823529 3.68421053 3.77777778 3.2972973
 3.7125     0.        ]",3.3967971530249113,1686
474,475,"[4.4047619  4.08333333 4.25       4.27272727 4.58064516 4.5
 4.57142857 4.39473684 4.5        4.38709677 4.25       5.
 4.34558824 4.16666667 4.5        0.         4.25       5.
 0.         0.        ]",4.387096774193548,124
475,476,"[3.57142857 3.875      3.86666667 3.38095238 4.         3.52631579
 3.65217391 3.42857143 3.5        3.53333333 0.         4.
 4.         4.5        4.5        0.         4.         3.
 0.         0.        ]",3.6363636363636362,55
476,477,"[3.76136364 3.92307692 3.36764706 3.62439024 3.68292683 3.72321429
 3.94021739 3.76388889 4.04       3.81122449 3.58108108 4.02325581
 3.85460993 4.3125     3.20588235 4.21428571 4.08823529 3.5625
 4.2        0.        ]",3.746875,480
477,478,"[2.83333333 3.         3.33333333 2.78571429 3.33333333 2.75
 2.75       3.         3.5        2.2        0.5        3.5
 2.5        0.         3.75       0.         4.5        3.5
 0.         0.        ]",2.7777777777777777,18
478,479,"[2.96153846 3.23076923 3.         3.33333333 3.21428571 3.48484848
 3.74545455 2.5        2.77777778 2.94117647 2.83333333 2.5
 2.42857143 3.25       3.90909091 3.         1.         3.
 0.         0.        ]",3.2551724137931033,145
479,480,"[3.25555556 3.08333333 3.2875     3.0559322  3.33950617 3.2892562
 3.61945392 3.04787234 3.4        3.1125     2.69642857 3.4375
 3.0505618  3.81428571 3.34090909 3.3        3.54166667 3.19230769
 3.375      0.        ]",3.266068759342302,669
480,481,"[2.66666667 0.         3.         2.66666667 0.         3.5
 3.07692308 2.77777778 2.8        2.7        2.         2.75
 2.75       4.         0.         0.         0.         0.
 0.         0.        ]",2.88,25
481,482,"[4.03125    2.9        4.         3.26829268 3.61538462 3.2826087
 3.025      3.78571429 3.54166667 3.77586207 3.6        3.28571429
 4.02631579 1.83333333 4.         0.         4.3        3.
 0.         0.        ]",3.4607843137254903,102
482,483,"[3.64417178 3.92465753 3.52857143 3.61048689 3.8125     3.64179104
 3.82920792 3.47222222 3.8375     3.4789916  2.72972973 3.78571429
 3.48015873 3.80952381 3.53846154 3.66666667 3.87142857 3.83333333
 4.33333333 0.        ]",3.6219931271477663,582
483,484,"[3.67307692 4.64285714 4.3030303  3.92748092 4.0625     3.83
 3.82142857 3.69354839 3.94736842 3.41111111 2.97058824 3.38095238
 3.32352941 4.125      4.67857143 0.         4.         0.
 2.         0.        ]",3.840909090909091,220
484,485,"[3.5        4.         4.         3.         0.         4.
 4.         3.85714286 4.6        4.44444444 3.         0.
 2.5        5.         4.         0.         5.         5.
 0.         0.        ]",3.7777777777777777,18
485,486,"[4.0952381  3.         3.         3.77777778 3.2        4.
 4.75       4.         4.16666667 4.2173913  4.         4.
 4.09090909 5.         3.         0.         5.         4.
 0.         0.        ]",4.111111111111111,45
486,487,"[3.375      3.5        3.5        2.63888889 3.8        3.15384615
 3.39473684 3.13636364 2.92857143 3.15384615 3.5        3.1
 3.45       4.33333333 0.         0.         2.5        0.
 0.         0.        ]",3.0555555555555554,45
487,488,"[4.16666667 4.09090909 4.         3.81111111 3.80769231 3.75925926
 3.7173913  3.25       4.         4.         4.         3.6
 3.         4.5        3.6875     4.         4.         0.
 3.25       0.        ]",3.797752808988764,89
488,489,"[2.91393443 3.4516129  3.0625     2.84598214 3.08666667 3.06410256
 3.25114155 2.73717949 2.97945205 2.77559055 2.92682927 3.025
 2.88414634 3.2826087  3.73333333 3.5        3.         2.83333333
 3.16666667 0.        ]",3.002895752895753,518
489,490,"[2.81818182 3.375      3.16666667 2.69047619 2.82352941 2.89285714
 3.56521739 2.81578947 3.5        3.33333333 2.         3.64285714
 3.31818182 3.66666667 3.         0.         3.0625     0.
 0.         0.        ]",3.1222222222222222,90
490,491,"[4.66666667 4.25       4.83333333 4.05952381 4.45454545 4.225
 4.13636364 4.375      4.25       5.         0.         5.
 4.5        4.5        0.         0.         5.         0.
 0.         0.        ]",4.196078431372549,51
491,492,"[4.09090909 3.75       3.2        3.74418605 3.57142857 3.54545455
 3.72       4.0625     3.91666667 4.05405405 4.8        3.6
 3.91666667 5.         3.         0.         0.         0.
 0.         0.        ]",3.8350515463917527,97
492,493,"[3.35714286 0.         0.         4.         3.         4.
 3.55555556 3.7        4.         3.55555556 2.5        0.
 3.54545455 3.75       0.         0.         0.         4.
 0.         0.        ]",3.6122448979591835,49
493,494,"[4.55555556 0.         0.         2.         2.         0.
 5.         4.4        4.         4.         5.         0.
 4.57142857 5.         0.         0.         0.         4.
 0.         0.        ]",4.5,18
494,495,"[3.57692308 4.21428571 3.41666667 4.08333333 2.84210526 4.22580645
 4.30769231 3.89552239 4.25581395 4.05932203 3.25       4.42857143
 3.72580645 4.27272727 4.2        3.         3.65       5.
 4.5        0.        ]",4.035377358490566,212
495,496,"[2.94444444 2.625      3.         2.8        3.75       3.5
 3.73076923 3.25       4.5        0.         2.5        0.
 3.25       2.         3.83333333 0.         3.83333333 0.
 0.         0.        ]",3.391304347826087,23
496,497,"[2.65       4.         3.375      3.21428571 2.3125     3.5
 3.95652174 2.65       3.9375     3.26923077 4.5        3.42857143
 3.05555556 4.         4.         0.         3.5        0.
 0.         0.        ]",3.4878048780487805,41
497,498,"[3.81818182 5.         4.33333333 4.27272727 0.         4.5
 4.2        3.33333333 3.33333333 3.9        0.         4.
 2.66666667 5.         5.         0.         5.         3.
 0.         0.        ]",4.0,28
498,499,"[3.75       3.5        3.5        4.08333333 3.5        0.
 4.125      4.33333333 3.5        4.         3.8        3.
 3.25       0.         4.5        4.5        0.         4.41666667
 0.         0.        ]",3.9545454545454546,22
499,500,"[3.61111111 3.47368421 3.5625     3.1754386  3.6        3.2
 2.95238095 3.71428571 3.28571429 3.28571429 3.33333333 4.5
 3.83333333 4.         3.14285714 0.         3.5        0.
 0.         0.        ]",3.2028985507246377,69
500,501,"[3.45454545 2.66666667 2.5        3.38461538 1.         3.57142857
 2.83333333 3.5        3.         3.33333333 3.5        3.
 3.6        3.         1.         0.         0.         0.
 0.         0.        ]",3.2777777777777777,36
501,502,"[3.5        4.5        3.5        3.26923077 3.33333333 1.625
 3.19230769 1.66666667 4.66666667 2.78571429 3.25       2.
 3.66666667 5.         4.33333333 0.         0.         5.
 0.         0.        ]",3.3214285714285716,28
502,503,"[2.8        3.33333333 2.25       2.65625    2.25       3.36363636
 3.67       2.91666667 3.78947368 3.47826087 3.21428571 3.64285714
 3.22222222 3.625      3.5        3.5        3.25       0.
 0.         0.        ]",3.3815789473684212,76
503,504,"[4.08333333 4.5        3.5        3.71052632 3.72222222 3.71875
 3.94047619 3.125      4.03125    3.84615385 3.5        4.
 3.5        4.         4.         3.5        0.         4.
 0.         0.        ]",3.8,70
504,505,"[4.         4.16666667 4.375      3.9        4.5        3.
 3.75       4.         4.         4.4375     4.4        3.75
 3.75       0.         4.5        0.         0.         0.
 0.         0.        ]",4.08,25
505,506,"[2.         2.         0.         2.96428571 2.375      3.38235294
 3.30952381 2.         3.5        2.875      5.         2.
 4.25       0.         3.         3.5        5.         4.
 0.         0.        ]",3.235294117647059,34
506,507,"[3.25       3.         4.         3.33333333 3.         3.25
 3.33333333 3.14285714 3.         3.28571429 3.         3.
 3.33333333 3.         3.         0.         3.         3.
 0.         0.        ]",3.2941176470588234,17
507,508,"[2.78571429 1.5        2.         2.54166667 1.5        1.625
 1.94444444 1.75       0.         2.         1.75       0.
 4.16666667 4.5        1.83333333 0.         0.         3.
 0.         0.        ]",2.236842105263158,19
508,509,"[3.29856115 3.33870968 3.16826923 3.13157895 3.26851852 3.25247525
 3.33333333 3.18181818 3.21666667 3.05434783 2.775      3.28571429
 3.21212121 3.21428571 3.24390244 0.         3.2875     3.6
 3.5        0.        ]",3.212566844919786,374
509,510,"[2.83333333 3.5        3.16666667 2.75714286 2.85714286 2.76666667
 2.8875     2.52083333 3.04761905 2.5        1.75       2.25
 2.33333333 3.9        3.5        0.         4.         2.16666667
 4.         0.        ]",2.796511627906977,86
510,511,"[4.2        0.         3.         4.33333333 4.         4.33333333
 4.18181818 4.1        4.75       4.03846154 3.5        4.16666667
 4.         4.5        3.5        0.         4.41666667 4.
 0.         0.        ]",4.119047619047619,42
511,512,"[3.3        3.66666667 3.4        3.36363636 3.4        3.88888889
 3.66666667 3.5625     4.         3.9375     5.         4.33333333
 3.42857143 5.         3.66666667 0.         4.         3.
 0.         0.        ]",3.675,40
512,513,"[3.64285714 4.         4.         3.83333333 3.66666667 3.66666667
 4.25       3.625      4.25       3.8125     2.83333333 4.
 3.6        4.375      4.         0.         0.         3.25
 0.         0.        ]",3.7884615384615383,26
513,514,"[3.3515625  3.80952381 3.59090909 3.35887097 3.25609756 3.48648649
 3.67142857 3.35       3.72222222 3.38194444 2.71428571 3.1
 3.22131148 3.4375     3.53125    3.875      3.6875     3.9
 4.         0.        ]",3.3050314465408803,318
514,515,"[4.75       0.         0.         5.         4.         5.
 4.90909091 4.72727273 4.8125     4.58333333 4.5        4.5
 4.83333333 4.8        0.         0.         5.         0.
 0.         0.        ]",4.809523809523809,21
515,516,"[3.875      0.         0.         3.45454545 3.5        3.2
 3.83333333 4.25       3.5        3.66666667 0.         0.
 4.         3.33333333 0.         0.         0.         3.
 0.         0.        ]",3.619047619047619,21
516,517,"[2.38461538 2.60714286 2.6875     2.22426471 2.91071429 2.51234568
 2.41007194 1.80833333 2.05882353 1.77906977 1.375      2.19047619
 2.25       2.5        2.95454545 1.75       2.5        2.
 1.25       1.75      ]",2.375,320
517,518,"[3.5        4.         4.         4.1        4.         2.5
 3.44444444 4.125      4.16666667 4.08333333 4.5        4.5
 3.41666667 0.         3.16666667 0.         4.         0.
 0.         0.        ]",3.5789473684210527,19
518,519,"[4.         0.         0.         4.27777778 0.         4.1
 4.88888889 4.41666667 4.59090909 4.75       0.         5.
 4.         5.         0.         0.         4.         0.
 0.         0.        ]",4.428571428571429,21
519,520,"[3.93269231 4.22222222 4.2        3.91666667 4.06818182 4.
 3.9        3.88679245 3.85294118 4.09259259 3.68181818 4.
 3.86607143 3.91666667 3.6        3.5        3.5        3.16666667
 4.5        0.        ]",3.88255033557047,149
520,521,"[3.625      4.         4.         3.54545455 3.66666667 3.5
 3.6875     3.57142857 3.5        3.61538462 0.         3.4
 3.2        0.         4.         0.         0.         0.
 0.         0.        ]",3.5625,32
521,522,"[3.77173913 3.6        2.33333333 3.60526316 3.78571429 3.77777778
 3.75362319 3.95833333 3.94117647 3.925      4.375      3.83333333
 4.0625     4.         3.78571429 4.25       4.02941176 4.75
 3.5        0.        ]",3.840625,160
522,523,"[4.54545455 4.65789474 4.54545455 4.5        4.72727273 4.75
 4.70967742 4.70588235 4.77777778 4.68181818 5.         5.
 4.63636364 4.66666667 5.         0.         4.9        0.
 0.         0.        ]",4.675,60
523,524,"[3.82857143 4.         3.5        3.36666667 3.90909091 3.27272727
 3.48571429 3.47272727 3.         3.51351351 3.16666667 2.75
 3.23809524 3.9        3.5        0.         5.         4.
 3.         0.        ]",3.4285714285714284,105
524,525,"[3.5        3.3046875  3.30821918 3.52808989 3.51587302 3.56060606
 3.68367347 3.5255102  3.78125    3.6440678  3.78571429 3.9
 3.51639344 3.65       3.56       3.61538462 3.44736842 3.75
 0.         0.        ]",3.545,400
525,526,"[4.3125     3.75       3.75       4.125      3.75       4.09090909
 4.15277778 3.9        4.33333333 4.         4.         3.75
 4.25       4.         0.         0.         3.5        0.
 0.         0.        ]",4.130434782608695,46
526,527,"[4.21428571 3.84615385 4.06060606 4.02439024 4.125      4.0625
 3.97727273 4.34285714 3.83333333 4.17857143 4.17647059 3.75
 4.34615385 3.625      3.85714286 4.         4.33333333 4.
 4.         0.        ]",4.126865671641791,134
527,528,"[3.         2.83333333 2.75       2.76923077 2.25       2.83333333
 3.671875   4.06818182 4.125      4.08333333 4.         3.375
 3.35714286 4.5        0.         4.5        3.8125     0.
 0.         0.        ]",3.5344827586206895,58
528,529,"[3.33333333 3.         3.         2.55555556 3.25       3.
 4.         3.71428571 0.         4.2        0.         4.
 4.33333333 0.         3.         0.         0.         0.
 0.         0.        ]",3.15,20
529,530,"[3.75       0.         3.         4.         5.         4.125
 3.92307692 3.66666667 4.         3.9        4.         3.
 3.5        4.         0.         0.         0.         5.
 0.         0.        ]",3.8181818181818183,22
530,531,"[4.18181818 0.         3.         2.5        3.         3.
 4.25       4.         4.         4.33333333 2.         0.
 4.25       0.         3.         0.         0.         0.
 0.         0.        ]",3.7777777777777777,18
531,532,"[4.42857143 0.         0.         3.75       4.         4.25
 4.23809524 4.30434783 3.94117647 4.22222222 4.4        4.33333333
 4.5        5.         0.         0.         0.         3.
 4.         0.        ]",4.225,40
532,533,"[4.1        5.         5.         4.15       5.         4.5
 4.09090909 4.35       4.33333333 4.45833333 4.26470588 3.33333333
 4.22727273 5.         3.         0.         4.         5.
 0.         0.        ]",4.266666666666667,30
533,534,"[3.72303922 3.94615385 3.91044776 3.90406977 3.79120879 3.96666667
 3.79761905 3.77405858 3.88235294 3.81372549 4.14583333 3.91666667
 3.71052632 3.92307692 4.09375    0.         3.56060606 3.66666667
 4.5        0.        ]",3.8257211538461537,416
534,535,"[1.         5.         0.         2.75       0.         2.25
 2.55555556 2.         2.         2.33333333 5.         3.5
 4.         0.         5.         0.         0.         0.
 0.         0.        ]",2.75,24
535,536,"[4.         0.         0.         3.7        0.         3.
 4.         3.5        3.66666667 3.53846154 3.33333333 3.
 2.8        5.         0.         0.         5.         3.
 0.         0.        ]",3.625,32
536,537,"[4.5        0.         0.         3.70833333 4.375      2.83333333
 3.94736842 3.86363636 4.52941176 4.65384615 5.         4.5
 3.125      3.16666667 0.         5.         3.875      0.
 0.         0.        ]",4.0,38
537,538,"[4.55       4.66666667 4.6        4.41666667 4.5        4.27272727
 4.22222222 4.66666667 4.5        0.         0.         4.
 5.         2.5        4.65       0.         4.5        4.5
 0.         0.        ]",4.4,30
538,539,"[4.22727273 4.41666667 4.1875     3.72727273 4.42857143 4.375
 3.8125     3.63636364 3.7        2.         3.5        0.
 3.         3.5        0.         0.         4.5        0.
 0.         0.        ]",3.7,30
539,540,"[4.13636364 3.5        3.75       3.76923077 3.91666667 3.16666667
 4.         4.5        4.5        3.95833333 3.7        3.75
 4.6875     5.         4.         0.         4.5        0.
 5.         0.        ]",4.073529411764706,34
540,541,"[3.57142857 3.28571429 3.5        3.25       2.8        3.57142857
 3.91666667 3.36       3.23076923 3.54166667 3.6        3.8
 3.57142857 5.         3.         0.         3.         3.4
 0.         0.        ]",3.4571428571428573,70
541,542,"[3.79411765 4.16666667 3.90909091 3.32926829 3.07142857 4.03571429
 3.95454545 3.25       3.28125    3.5        2.92857143 3.7
 3.8        5.         4.66666667 2.5        3.         0.
 0.         0.        ]",3.5055555555555555,90
542,543,"[5.         5.         5.         4.41025641 5.         4.325
 4.42105263 4.66666667 4.8        5.         5.         4.5
 4.90909091 3.5        5.         0.         5.         4.
 0.         0.        ]",4.540983606557377,61
543,544,"[4.33333333 3.         3.         4.5        3.         5.
 4.5        4.14285714 4.         4.         5.         3.5
 4.33333333 0.         0.         5.         0.         0.
 0.         0.        ]",4.333333333333333,18
544,545,"[2.7        0.         3.         3.08333333 2.5        3.5
 3.25       3.5        4.375      3.71428571 3.         3.66666667
 3.375      3.83333333 0.         0.         3.5        2.5
 0.         0.        ]",3.4166666666666665,18
545,546,"[3.33333333 0.         2.5        3.4        4.         3.75
 3.2        3.375      3.4        3.41666667 3.88235294 3.
 3.         3.         2.         0.         0.         0.
 0.         0.        ]",3.549019607843137,51
546,547,"[0.         0.         0.         4.75       5.         3.75
 4.         3.66666667 3.66666667 4.2        0.         4.5
 5.         3.         3.         3.5        0.         0.
 5.         0.        ]",4.117647058823529,17
547,548,"[3.83333333 0.         0.         3.58333333 4.         3.
 4.05555556 3.95454545 4.3        4.875      0.         3.5
 3.6        0.         0.         3.5        5.         0.
 0.         0.        ]",3.9285714285714284,21
548,549,"[2.875      0.         1.         0.         3.16666667 0.
 4.71428571 3.79166667 4.66666667 5.         0.         5.
 3.16666667 5.         0.         0.         4.5        0.
 0.         0.        ]",3.764705882352941,17
549,550,"[4.18181818 3.         0.         4.25       4.         4.
 3.88888889 4.23333333 4.3        4.25       0.         5.
 4.38461538 4.         0.         0.         4.33333333 0.
 0.         0.        ]",4.068181818181818,22
550,551,"[3.53409091 3.7        4.25       3.92857143 2.88461538 4.
 3.82051282 3.74166667 3.86956522 3.8452381  4.16666667 4.05555556
 3.75       4.         0.         4.         3.82142857 0.
 4.         0.        ]",3.7091836734693877,98
551,552,"[3.07692308 3.58333333 2.96875    3.29850746 3.06818182 3.2
 3.42857143 2.91489362 3.43181818 3.15151515 2.68181818 3.25
 3.18518519 3.85       3.83333333 0.         4.         2.25
 3.66666667 0.        ]",3.183333333333333,150
552,553,"[3.91666667 0.         0.         4.02777778 0.         4.
 4.39534884 4.2        4.44594595 4.32692308 0.         4.375
 4.375      4.         0.         5.         0.         0.
 0.         0.        ]",4.318181818181818,66
553,554,"[4.09090909 3.64285714 3.875      3.74074074 3.         4.3
 4.20588235 3.88888889 4.4        4.11111111 2.6        4.
 4.25       4.5        3.73076923 0.         3.5        3.
 0.         0.        ]",3.9577464788732395,71
554,555,"[3.5890411  4.         3.88888889 3.51131222 3.65625    3.61333333
 3.67549669 3.32142857 3.72222222 3.38383838 2.890625   3.57692308
 3.21359223 3.8125     3.5        3.         4.         3.375
 3.         0.        ]",3.4415584415584415,462
555,556,"[4.11363636 5.         4.33333333 4.33333333 3.975      3.33333333
 3.75       4.13636364 0.         3.5        4.         4.
 4.25       0.         4.5        0.         4.         0.
 0.         0.        ]",4.038461538461538,26
556,557,"[3.96153846 3.33333333 4.5        3.41666667 4.625      4.
 3.9        3.91666667 4.83333333 4.8        4.5        5.
 3.33333333 3.5        0.5        0.         4.5        0.
 0.         0.        ]",3.8863636363636362,22
557,558,"[4.27272727 4.33333333 4.5        3.84615385 3.91666667 4.2
 4.03846154 4.125      3.44444444 3.82352941 3.25       4.2
 4.         4.66666667 5.         0.         0.         0.
 0.         0.        ]",3.888888888888889,45
558,559,"[3.44444444 3.83333333 3.71428571 3.15909091 3.35714286 3.5
 3.48648649 3.3        3.2        3.23684211 3.2        3.
 3.4        3.75       3.77777778 0.         3.33333333 3.
 0.         0.        ]",3.3125,112
559,560,"[3.5060241  3.58928571 3.32352941 3.50763359 3.59782609 3.48360656
 3.62941176 3.63709677 3.82352941 3.73076923 3.71052632 3.77777778
 3.61688312 3.66666667 3.5        3.58333333 3.5        3.27272727
 4.5        0.        ]",3.6038251366120218,366
560,561,"[3.33928571 3.1        3.21212121 3.37762238 3.48360656 3.34782609
 3.51968504 3.33084577 3.51388889 3.21428571 3.4625     3.5483871
 3.29487179 3.83870968 3.61111111 0.         3.         3.4
 3.5        0.        ]",3.407178217821782,404
561,562,"[4.         4.5        4.         4.08461538 3.96153846 4.1
 4.16853933 3.89534884 4.17142857 4.025      4.06666667 4.05555556
 3.96666667 3.78571429 4.33333333 0.         4.         4.
 3.75       0.        ]",4.07027027027027,185
562,563,"[3.17391304 3.73333333 3.5        3.23706897 3.30434783 3.25520833
 3.37662338 3.61111111 3.28571429 3.25       3.3        3.5
 3.4375     3.83333333 3.86842105 0.         3.21428571 0.
 0.         0.        ]",3.2941176470588234,170
563,564,"[3.46428571 1.         2.16666667 3.67857143 3.3        3.47619048
 3.36363636 3.27083333 3.63157895 3.29166667 3.5        3.2
 3.5        2.5        3.5        0.         2.         4.
 0.         0.        ]",3.5873015873015874,126
564,565,"[2.75       3.         3.5        3.25       3.         3.66666667
 4.         2.8        3.375      3.875      0.         5.
 5.         4.5        3.         0.         3.         0.
 0.         0.        ]",3.5652173913043477,23
565,566,"[3.23076923 2.         2.5        3.56       2.8        3.83333333
 3.66666667 3.41176471 3.42857143 3.61111111 5.         4.33333333
 3.5        4.4        2.         0.         2.         3.25
 0.         0.        ]",3.5762711864406778,59
566,567,"[2.04700855 2.42982456 2.10465116 2.33783784 2.19387755 2.75
 2.52868852 1.91452991 2.         2.24603175 2.21875    2.55882353
 2.12755102 2.29411765 1.92857143 2.5        1.99       2.58333333
 4.         2.66666667]",2.237012987012987,308
567,568,"[3.83333333 0.         2.75       3.77777778 3.5        4.
 4.25       0.         4.83333333 4.83333333 5.         5.
 3.5        4.5        5.         0.         0.         4.5
 0.         0.        ]",4.194444444444445,18
568,569,"[4.         4.         4.         3.85714286 4.         3.33333333
 4.2        3.85714286 4.         3.71428571 0.         3.
 4.5        3.         4.         0.         4.         4.
 0.         0.        ]",3.875,16
569,570,"[3.48979592 3.5        3.33333333 3.18627451 3.275      3.36206897
 3.56153846 3.49122807 3.54545455 3.57       3.1875     3.38888889
 3.59574468 3.4375     3.         0.         3.5        3.
 0.         0.        ]",3.415032679738562,153
570,571,"[3.33333333 4.         0.         2.625      2.88888889 3.5
 3.33333333 2.875      4.         2.87878788 2.48809524 3.1
 2.47368421 0.         3.         0.         0.         0.
 1.         0.        ]",2.5555555555555554,90
571,572,"[3.96153846 3.6        4.         3.91666667 3.28571429 3.975
 4.20289855 3.84       4.35294118 4.         4.5        4.4
 4.         4.5        2.66666667 0.         4.         4.33333333
 3.         0.        ]",4.080645161290323,124
572,573,"[4.1626506  4.53333333 4.375      4.31410256 4.22727273 3.7
 4.1025641  4.16239316 4.20833333 4.1746988  4.4        4.30952381
 4.12       4.28571429 4.33333333 4.25       4.30952381 3.5
 4.5        0.        ]",4.200836820083682,239
573,574,"[4.14285714 5.         3.5        4.         2.         4.
 4.         3.33333333 3.6        3.85714286 5.         5.
 4.         0.         5.         0.         4.         0.
 0.         0.        ]",3.9444444444444446,18
574,575,"[4.         0.         0.         3.33333333 4.         3.
 3.75       3.66666667 4.2        3.71428571 2.25       3.
 4.         3.         0.         1.         0.         0.
 0.         0.        ]",3.206896551724138,29
575,576,"[3.4        3.         0.         3.375      3.8        3.
 3.375      3.25       4.75       3.41666667 3.125      3.5
 2.7        0.         0.         0.         0.         0.
 0.         0.        ]",3.28125,16
576,577,"[3.58695652 3.5        3.11111111 3.37037037 3.33333333 3.66666667
 3.7260274  3.54901961 3.66666667 3.39130435 3.28571429 3.5
 3.38709677 4.04761905 2.75       0.         0.         3.75
 0.         0.        ]",3.5813953488372094,129
577,578,"[5.         0.         3.5        3.85714286 3.33333333 4.45454545
 4.23333333 3.33333333 5.         3.         1.83333333 5.
 0.         0.         0.         0.         0.         0.
 0.         0.        ]",3.977272727272727,22
578,579,"[4.         3.78571429 3.75       4.         4.         4.27777778
 4.10344828 3.8        4.5        4.1        3.5        3.66666667
 3.77777778 4.4        3.6        0.         5.         0.
 0.         0.        ]",3.9482758620689653,58
579,580,"[3.57575758 3.41176471 3.26190476 3.38235294 3.609375   3.48148148
 3.45180723 3.75806452 3.83116883 3.78740157 3.73684211 3.81081081
 3.66037736 3.47058824 3.1        3.75       4.07142857 3.33333333
 2.14285714 0.        ]",3.5343839541547277,349
580,581,"[4.45454545 4.25       4.4        4.5        4.5        4.35714286
 4.42857143 4.5        4.5        4.4        4.5        4.5
 4.41666667 4.5        0.         0.         4.5        0.
 0.         0.        ]",4.46875,32
581,582,"[4.25       3.78571429 4.125      4.07142857 4.3125     3.5
 3.94117647 4.20833333 4.14285714 4.0625     4.         4.1
 4.05263158 3.75       0.         0.         4.44117647 0.
 0.         0.        ]",4.0777777777777775,45
582,583,"[3.35714286 3.33333333 3.5        3.33783784 3.42857143 3.35294118
 3.         3.         3.1        3.25       2.83333333 0.
 0.         0.         2.9        0.         4.         0.
 0.         0.        ]",3.2333333333333334,45
583,584,"[4.5        4.66666667 4.28571429 3.79166667 4.5        4.21428571
 4.375      4.36       3.72727273 4.38461538 3.66666667 4.75
 4.36363636 5.         4.33333333 0.         5.         5.
 0.         0.        ]",4.181818181818182,66
584,585,"[4.16666667 4.         5.         4.32142857 4.         4.25
 4.36764706 4.16666667 4.46296296 4.46875    0.         4.3
 3.         4.         0.         0.         4.         0.
 4.         0.        ]",4.336734693877551,49
585,586,"[4.48989899 4.68918919 4.55       4.48076923 4.59722222 4.23333333
 4.         4.44148936 4.26470588 4.28947368 4.         3.78571429
 4.42982456 3.5        4.7        0.         4.4137931  4.33333333
 0.         5.        ]",4.38855421686747,166
586,587,"[4.09090909 4.         3.71428571 3.77777778 3.55555556 4.08888889
 4.16949153 4.14285714 4.30769231 4.21428571 3.         4.28571429
 4.23809524 3.5        3.57142857 0.         0.         4.33333333
 3.5        0.        ]",3.9242424242424243,132
587,588,"[2.875      3.         3.         3.25       1.         3.
 3.30434783 2.88888889 3.29411765 3.19047619 3.33333333 3.
 2.75       4.         3.         0.         3.         3.
 0.         0.        ]",3.2,45
588,589,"[4.16666667 0.         3.33333333 4.25       4.5        4.5
 4.15       4.         4.28571429 4.16666667 5.         3.
 4.33333333 4.33333333 0.         5.         4.         5.
 0.         0.        ]",4.09375,32
589,590,"[3.34615385 3.74137931 3.33333333 3.04524887 3.325      3.45876289
 3.6826087  3.30203046 3.56989247 3.28125    3.03333333 3.34615385
 3.20879121 3.98684211 3.75       3.75       3.5625     3.75
 3.83333333 0.        ]",3.3556701030927836,582
590,591,"[4.30769231 3.8        4.         3.76923077 3.5        3.14285714
 3.         3.85714286 3.         2.46153846 2.5        3.66666667
 3.7        4.         3.         0.         0.         5.
 0.         0.        ]",3.302325581395349,43
591,592,"[3.8        4.25       4.16666667 3.36666667 3.125      3.66666667
 3.94444444 3.62162162 3.6        3.51851852 3.         4.
 4.         4.5        4.33333333 0.         5.         3.75
 0.         0.        ]",3.533333333333333,75
592,593,"[3.07142857 3.08333333 3.05       2.8030303  2.96428571 3.28125
 3.72368421 3.18181818 4.08333333 3.65       4.         4.
 3.38888889 3.4        3.4        0.         3.16666667 0.
 4.         0.        ]",3.323170731707317,82
593,594,"[4.359375   4.6        4.31818182 4.13194444 3.52941176 4.52631579
 3.90666667 4.390625   4.19444444 3.54081633 2.03333333 2.41666667
 4.27586207 3.41666667 4.4375     4.5        4.625      4.
 0.         0.        ]",4.016129032258065,186
594,595,"[4.33333333 4.5        4.5        4.         5.         4.25
 4.57142857 4.         5.         4.66666667 0.         5.
 4.5        0.         4.         0.         0.         0.
 0.         0.        ]",4.25,16
595,596,"[3.5703125  4.02564103 3.81578947 3.52272727 3.575      3.59259259
 3.55855856 3.41883117 3.41666667 3.41558442 3.5625     3.67741935
 3.50454545 2.92857143 3.76666667 4.25       3.525      2.83333333
 3.5        3.        ]",3.5167173252279635,329
596,597,"[3.93650794 4.         4.23529412 3.97674419 4.10714286 3.8961039
 4.16339869 3.66326531 4.         3.73033708 4.57142857 4.
 3.94117647 4.75       3.93333333 0.         0.         3.66666667
 4.25       0.        ]",4.011299435028248,354
597,598,"[3.5        1.         1.         3.3125     3.375      3.38888889
 4.83333333 4.16666667 3.375      3.1        0.5        3.
 5.         0.         1.         0.         5.         0.
 0.         0.        ]",3.588235294117647,17
598,599,"[2.78632479 2.93461538 2.37109375 2.42721519 2.62690355 2.66838488
 2.829375   2.74916944 2.81498471 2.70063694 2.353125   2.84108527
 2.77647059 2.88405797 2.5        3.09090909 2.9        2.66216216
 3.30769231 3.        ]",2.6440464177598386,1982
599,600,"[3.15503876 3.33333333 2.9893617  3.02777778 3.52912621 2.95955882
 2.93       2.6952381  2.96774194 2.72477064 2.91836735 2.92307692
 2.93670886 2.38235294 3.34693878 3.64285714 2.77777778 3.40909091
 3.         0.        ]",2.9655737704918033,610
600,601,"[4.421875   4.53125    4.5        4.35294118 4.5        4.35
 4.46341463 4.41935484 4.5625     4.47368421 4.5        4.54545455
 4.38461538 4.58333333 0.         4.         4.4375     4.
 0.         4.75      ]",4.444444444444445,81
601,602,"[3.19230769 4.         3.         3.18181818 3.71428571 3.1
 3.28571429 3.58823529 3.7        3.7027027  3.         3.14285714
 3.41666667 4.         4.         3.         4.         2.5
 3.5        0.        ]",3.3333333333333335,108
602,603,"[2.96341463 1.66666667 3.         3.3151751  3.55555556 3.45142857
 3.57981221 3.17073171 3.79824561 3.56410256 3.46031746 3.59677419
 3.2        3.57692308 3.53846154 3.875      0.         4.
 4.44444444 0.        ]",3.5,754
603,604,"[3.6875     3.5        3.55555556 3.25       3.4        3.08333333
 3.51612903 3.8        3.75       3.95454545 3.70588235 3.75
 3.83333333 3.         3.25       0.         3.5        3.5
 0.         0.        ]",3.5375,80
604,605,"[3.37790698 3.1        3.24324324 3.28082192 3.21698113 3.31730769
 3.13541667 3.27586207 3.05555556 2.97368421 3.0625     3.5
 3.4375     2.71428571 3.16666667 3.         3.69230769 3.33333333
 0.         0.        ]",3.26271186440678,177
605,606,"[3.5210084  3.640625   3.41428571 3.55373134 3.5375     3.74468085
 3.79480287 3.17479675 3.65277778 3.52201258 3.35416667 3.81012658
 3.54761905 3.7962963  3.70833333 4.         2.96153846 3.57142857
 3.83333333 0.        ]",3.6597533632286994,892
606,607,"[3.51351351 3.4        3.5        3.31111111 3.64705882 3.5
 3.9        3.70175439 3.81818182 4.13333333 4.10714286 4.54545455
 3.28571429 4.         3.75       0.         5.         4.
 0.         0.        ]",3.7466666666666666,150
607,608,"[3.21       3.01       2.55333333 2.75824176 3.02717391 2.81481481
 3.42951542 3.31363636 3.59913793 3.50721154 3.37037037 3.57017544
 3.28682171 3.42857143 2.5862069  3.         4.         2.75
 3.33333333 0.        ]",3.142857142857143,665
608,609,"[3.125      3.         3.         3.25       3.         3.
 3.35294118 3.         3.75       3.27272727 3.5        0.
 3.         3.5        0.         3.         3.         4.
 0.         0.        ]",3.2666666666666666,30
609,610,"[3.72727273 3.88888889 3.58888889 3.71666667 3.53947368 3.72619048
 3.86292428 3.56763285 3.76590909 3.53553922 3.45714286 3.80434783
 3.65217391 3.675      4.04166667 4.125      3.59589041 3.61111111
 4.27777778 0.        ]",3.664265129682997,1041
